AC;ACRELANDIA;1200013;120200400013;PAR;;23400.002278/2008-70
AC;ASSIS BRASIL;1200054;120200500054;PAR;950.4;23400.002276/2008-81
AC;BRASILEIA;1200104;120200500104;PAR;23540.2;23400.002240/2008-05
AC;BUJARI;1200138;120200400138;PAR;5160.8;23400.002900/2008-40
AC;CAPIXABA;1200179;120200400179;PAR;37442.1;23400.002902/2008-39
AC;CRUZEIRO DO SUL;1200203;120100100203;PAR;5565.8;23400.002898/2008-17
AC;EPITACIOLANDIA;1200252;120200500252;PAR;44553.81;23400.002896/2008-10
AC;FEIJO;1200302;120100200302;PAR;160336;23400.002894/2008-21
AC;JORDAO;1200328;120100200328;PAR;24078.2;23400.002904/2008-28
AC;MANCIO LIMA;1200336;120100100336;PAR;27960;23400.002916/2008-52
AC;MANOEL URBANO;1200344;120200300344;PAR;15751;23400.002892/2008-31
AC;MARECHAL THAUMATURGO;1200351;120100100351;PAR;115634.89;23400.002886/2008-84
AC;PLACIDO DE CASTRO;1200385;120200400385;PAR;5563.6;23400.002884/2008-95
AC;PORTO WALTER;1200393;120100100393;PAR;43990.56;23400.002882/2008-04
AC;RODRIGUES ALVES;1200427;120100100427;PAR;88074.04;23400.002880/2008-15
AC;SANTA ROSA DO PURUS;1200435;120200300435;PAR;26664;23400.002268/200-34
AC;SENA MADUREIRA;1200500;120200300500;PAR;95527.14;23400.002266/2008-45
AC;SENADOR GUIOMARD;1200450;120200400450;PAR;5806.8;23400.002274/2008-91
AC;TARAUACA;1200609;120100200609;PAR;32440;23400.002272/2008-01
AC;XAPURI;1200708;120200500708;PAR;57596;23400.002906/2008-17
AL;AGUA BRANCA;2700102;270100100102;PAR;132845.32;23400.001532/2008-12
AL;ANADIA;2700201;270301200201;PAR;4488;23400.002908/2008-14
AL;ATALAIA;2700409;270300900409;PAR;13344.9;23400.002910/2008-85
AL;BARRA DE SANTO ANTONIO;2700508;270301100508;PAR;119198.31;23400.002912/2008-74
AL;BARRA DE SAO MIGUEL;2700607;270301100607;PAR;10200;23400.002914/2008-63
AL;BATALHA;2700706;270100400706;PAR;97558.23;23400.002890/2008-42
AL;BOCA DA MATA;2701001;270301201001;PAR;195152.14;23400.002888/2008-73
AL;BRANQUINHA;2701100;270300901100;PAR;20000;23400.002918/2008-41
AL;CAJUEIRO;2701308;270300901308;PAR;153613.54;23400.002917/2008-05
AL;CAMPESTRE;2701357;270300901357;PAR;5880;23400.002919/2008-96
AL;CAMPO ALEGRE;2701407;270301201407;PAR;276008.82;23400.002319/2008-28
AL;CAMPO GRANDE;2701506;270200601506;PAR;575634.5;23400.002317/2008-39
AL;CANAPI;2701605;270100101605;PAR;143190.32;23400.002315/2008-40
AL;CARNEIROS;2701803;270100301803;PAR;1914.9;23400.002313/2008-51
AL;COITE DO NOIA;2702009;270200602009;PAR;14250;23400.002311/2008-61
AL;COLONIA LEOPOLDINA;2702108;270300902108;PAR;142781.67;23400.002309/2008-92
AL;COQUEIRO SECO;2702207;270301102207;PAR;1320;23400.002307/2008-01
AL;CRAIBAS;2702355;270200602355;PAR;39080;23400.002305/2008-12
AL;DOIS RIACHOS;2702504;270100302504;PAR;2851.2;23400.0023032008-15
AL;ESTRELA DE ALAGOAS;2702553;270200502553;PAR;139020.8;23400002301/2008-26
AL;FEIRA GRANDE;2702603;270200602603;PAR;55560;23400.002299/2008-95
AL;FELIZ DESERTO;2702702;270301302702;PAR;2464;23400.000423/2008-88
AL;GIRAU DO PONCIANO;2702900;270200602900;PAR;630895.84;23400.002297/2008-04
AL;IBATEGUARA;2703007;270300803007;PAR;7084;23400.000421/2008-99
AL;IGACI;2703106;270200503106;PAR;179861.98;23400.002295/2008-15
AL;IGREJA NOVA;2703205;270301303205;PAR;5205.6;23400.002293/2008-18
AL;INHAPI;2703304;270100103304;PAR;12394.5;23400.002291/2008-29
AL;JACUIPE;2703502;270300903502;PAR;10960;23400.002289/2008-50
AL;JAPARATINGA;2703601;270301003601;PAR;66945.46;23400.002287/2008-61
AL;JARAMATAIA;2703700;270100403700;PAR;7740;23400.002285/2008-71
AL;JOAQUIM GOMES;2703809;270300903809;PAR;210540;23400.002283/2008-82
AL;JUNDIA;2703908;270300903908;PAR;4312;23400.002281/2008-93
AL;LAGOA DA CANOA;2704104;270200604104;PAR;141677.03;23400.002306/2008-59
AL;LIMOEIRO DE ANADIA;2704203;270200604203;PAR;29100;23400.002304/2008-60
AL;MAJOR ISIDORO;2704401;270100404401;PAR;134808.24;23400.002302/2008-71
AL;MAR VERMELHO;2704906;270200504906;PAR;7840;23400.002300/2008-81
AL;MARAGOGI;2704500;270301004500;PAR;224724.35;23400.002298/2008-41
AL;MARAVILHA;2704609;270100304609;PAR;14820;23400.002296/2008-51
AL;MARECHAL DEODORO;2704708;270301104708;PAR;308829.97;23400.003068/2008-07
AL;MARIBONDO;2704807;270200504807;PAR;18000;23400.003066/2008-18
AL;MATA GRANDE;2705002;270100105002;PAR;179175.02;23400.003064/2008-11
AL;MATRIZ DE CAMARAGIBE;2705101;270300905101;PAR;24600;23400.0030/62/2008-21
AL;MONTEIROPOLIS;2705408;270100405408;PAR;49456.03;23400.003060/2008-32
AL;MURICI;2705507;270300905507;PAR;195727.68;23400.003058/2008-63
AL;NOVO LINO;2705606;270300905606;PAR;1196.8;23400.003056/2008-74
AL;OLHO DAGUA DAS FLORES;2705705;270100405705;PAR;123870.14;23400.003054/2008-85
AL;OLHO DAGUA DO CASADO;2705804;270100205804;PAR;14320;23400.003050/2008-05
AL;OLHO DAGUA GRANDE;2705903;270200705903;PAR;38712.44;23400.003052/2008-96
AL;OLIVENCA;2706000;270100406000;PAR;99258.68;23400.003046/2008-39
AL;OURO BRANCO;2706109;270100306109;PAR;22760;23400.003048/2008-28
AL;PALESTINA;2706208;270100306208;PAR;23928.42;23400.003044/2008-40
AL;PAO DE ACUCAR;2706406;270100306406;PAR;144826.08;23400.003042/2008-51
AL;PARICONHA;2706422;270100106422;PAR;18680;23400.003040/2008-61
AL;PARIPUEIRA;2706448;270301106448;PAR;45874.57;23400.003039/2008-37
AL;PASSO DE CAMARAGIBE;2706505;270301006505;PAR;3111.8;23400.003037/2008-48
AL;PAULO JACINTO;2706604;270200506604;PAR;19815.48;23400.003035/2008-59
AL;PIACABUCU;2706802;270301306802;PAR;1452;23400.003033/2008-60
AL;PILAR;2706901;270301106901;PAR;191501.94;23400.003031/2008-71
AL;PINDOBA;2707008;270300807008;PAR;8040;23400.003029/2008-00
AL;PIRANHAS;2707107;270100207107;PAR;140371.15;23400.003027/2008-11
AL;POCO DAS TRINCHEIRAS;2707206;270100307206;PAR;34232;23400.003025/2008-13
AL;PORTO CALVO;2707305;270300907305;PAR;197751.09;23400.003023/2008-24
AL;PORTO DE PEDRAS;2707404;270301007404;PAR;14400;23400.003021/2008-35
AL;PORTO REAL DO COLEGIO;2707503;270301307503;PAR;191708;23400.003019/2008-66
AL;SANTA LUZIA DO NORTE;2707909;270301107909;PAR;13676.94;23400.003017/2008-77
AL;SANTANA DO IPANEMA;2708006;270100308006;PAR;792;23400.003015/2008-88
AL;SAO BRAS;2708204;270200708204;PAR;50643.41;23400.003013/2008-99
AL;SAO JOSE DA TAPERA;2708402;270100308402;PAR;271203.59;23400.003011/2008-08
AL;SAO LUIS DO QUITUNDE;2708501;270300908501;PAR;28657.2;23400.002308/2008-48
AL;SAO MIGUEL DOS MILAGRES;2708709;270301008709;PAR;14240;23400.002310/2008-17
AL;SAO SEBASTIAO;2708808;270200608808;PAR;289783.1;23400.002312/2008-14
AL;SATUBA;2708907;270301108907;PAR;3344;23400.002314/2008-03
AL;SENADOR RUI PALMEIRA;2708956;270100308956;PAR;117356.46;23400.002316/2008-94
AL;TANQUE DARCA;2709004;270200509004;PAR;2250;23400.002318/2008-83
AL;TEOTONIO VILELA;2709152;270301209152;PAR;654649.85;23400.002358/2008-25
AL;UNIAO DOS PALMARES;2709301;270300809301;PAR;320000;23400.002356/2008-36
AL;VICOSA;2709400;270300809400;PAR;164203.93;23400.003057/2008-19
AM;ANAMA;1300086;130300600086;PAR;9794.29;23400.003059/2008-16
AM;ANORI;1300102;130300600102;PAR;103092;23400.003061/2008-87
AM;BENJAMIN CONSTANT;1300607;130200300607;PAR;24583.2;23400.003063/2008-76
AM;BERURI;1300631;130300600631;PAR;35789.6;23400.003065/2008-65
AM;BORBA;1300805;130401300805;PAR;335010.18;23400.002354/2008-47
AM;CAREIRO;1301100;130300701100;PAR;310290.03;23400.002352/2008-58
AM;COARI;1301209;130300601209;PAR;89880;23400.002350/2008-69
AM;CODAJAS;1301308;130300601308;PAR;121775.52;23400.003070/2008-78
AM;EIRUNEPE;1301407;130200401407;PAR;10700.8;23400.003072/2008-67
AM;ENVIRA;1301506;130200401506;PAR;131278.99;23400.003074/2008-56
AM;FONTE BOA;1301605;130200301605;PAR;153718.4;23400.003076/2008-45
AM;HUMAITA;1301704;130401301704;PAR;99000;23400.003078/2008-34
AM;IPIXUNA;1301803;130200401803;PAR;119904.4;23400.003041/2008-14
AM;IRANDUBA;1301852;130300701852;PAR;349052;23400.003043/2008-03
AM;ITACOATIARA;1301902;130300901902;PAR;17952;23400.003045/2008-94
AM;ITAPIRANGA;1302009;130300902009;PAR;70619.4;23400.003047/2008-83
AM;JURUA;1302207;130200402207;PAR;156200.48;23400.003049/2008-72
AM;LABREA;1302405;130401202405;PAR;245388;23400.003051/2008-41
AM;MANAQUIRI;1302553;130300702553;PAR;213698.69;23400.003053/2008-31
AM;MAUES;1302900;130301002900;PAR;2464;23400.003055/2008-20
AM;NOVA OLINDA DO NORTE;1303106;130300903106;PAR;254298.23;23400.002601/2008-13
AM;NOVO ARIPUANA;1303304;130401303304;PAR;8406.3;23400.002543/2008-10
AM;PAUINI;1303502;130401103502;PAR;170313.73;23400.002545/2008-17
AM;PRESIDENTE FIGUEIREDO;1303536;130300803536;PAR;5830.5;23400.002547/2008-06
AM;SANTO ANTONIO DO ICA;1303700;130200303700;PAR;35024;23400.002549/2008-97
AM;SAO GABRIEL DA CACHOEIRA;1303809;130100103809;PAR;5500;23400.002551/2008-66
AM;TABATINGA;1304062;130200304062;PAR;88;23400.002553/2008-55
AM;TAPAUA;1304104;130401204104;PAR;67857.9;23400.002555/2008-44
AM;TONANTINS;1304237;130200304237;PAR;214600;23400.002557/2008-33
AM;URUCURITUBA;1304401;130300904401;PAR;115129.53;23400.002559/2008-22
AP;AMAPA;1600105;160100200105;PAR;20985.72;23400.002600/2008-61
AP;CALCOENE;1600204;160100100204;PAR;22503.93;23400.002602/2008-50
AP;CUTIAS;1600212;160200300212;PAR;14565.45;23400.002485/2008-24
AP;FERREIRA GOMES;1600238;160200300238;PAR;466.4;23400.002487/2008-13
AP;LARANJAL DO JARI;1600279;160200400279;PAR;148335.63;23400.002489/2008-11
AP;MACAPA;1600303;160200300303;PAR;36000;23400.002509/2008-45
AP;OIAPOQUE;1600501;160100100501;PAR;34566.73;23400.002491/2008-81
AP;PORTO GRANDE;1600535;160200300535;PAR;2941;23400.002495/2008-60
AP;SANTANA;1600600;160200300600;PAR;164151.79;23400.002493/2008-71
AP;TARTARUGALZINHO;1600709;160100200709;PAR;30025.2;23400.002497/2008-59
AP;VITORIA DO JARI;1600808;160200400808;PAR;1496;23400.002499/2008-48
BA;ABARE;2900207;290200500207;PAR;117617.76;23400.002501/2008-89
BA;ACAJUTIBA;2900306;290401700306;PAR;6048;23400.002503/2008-78
BA;AGUA FRIA;2900405;290301200405;PAR;198593.45;23400.002505/2008-67
BA;AIQUARA;2900603;290602400603;PAR;4486.2;23400.002507/2008-56
BA;ALMADINA;2900900;290703100900;PAR;69556.12;23400.002511/2008-14
BA;AMARGOSA;2901007;290602401007;PAR;1000.8;23400.002513/2008-11
BA;ANAGE;2901205;290602801205;PAR;213509.82;23400.002515/2008-01
BA;ANDARAI;2901304;290602301304;PAR;142252;23400.002517/2008-91
BA;ANDORINHA;2901353;290300801353;PAR;128415.47;23400.002519/2008-81
BA;ANGUERA;2901502;290301201502;PAR;18863.7;23400.002520/2008-13
BA;ANTAS;2901601;290401501601;PAR;9767.1;23400.002522/2008-02
BA;ANTONIO CARDOSO;2901700;290301201700;PAR;139264.27;23400.002524/2008-93
BA;ANTONIO GONCALVES;2901809;290300801809;PAR;3845.7;23400.002526/2008-82
BA;APORA;2901908;290401701908;PAR;166080.13;23400.002528/2008-71
BA;APUAREMA;2901957;290602401957;PAR;130328;23400.002530/2008-41
BA;ARACI;2902104;290401602104;PAR;37447.8;23400.002532/2008-30
BA;ARAMARI;2902203;290401702203;PAR;63098.07;23400.002534/2008-29
BA;ARATACA;2902252;290703102252;PAR;124740;23400.002459/2008-04
BA;ARATUIPE;2902302;290502002302;PAR;26083.94;23400.002461/2008-75
BA;AURELINO LEAL;2902401;290703102401;PAR;127718.99;23400.002463/2008-64
BA;BAIXA GRANDE;2902609;290301102609;PAR;184183.25;23400.002465/2008-53
BA;BANZAE;2902658;290401502658;PAR;5255.1;23400.002467/2008-42
BA;BARRA;2902708;290200602708;PAR;29960.4;23400.002469/2008-31
BA;BARRA DO CHOCA;2902906;290602802906;PAR;393818.85;23400.002471/2008-19
BA;BARRA DO ROCHA;2903102;290703103102;PAR;107316;23400.002473/2008-08
BA;BARROCAS;2903276;290401603276;PAR;5456;23400.002475/2008-99
BA;BELMONTE;2903409;290703103409;PAR;206062.94;23400.002477/2008-88
BA;BIRITINGA;2903607;290401603607;PAR;178836.02;23400.002479/2008-77
BA;BOA VISTA DO TUPIM;2903805;290301103805;PAR;222929.82;23400.002480/2008-00
BA;BOM JESUS DA LAPA;2903904;290200703904;PAR;5129.7;23400.002482/2008-91
BA;BOM JESUS DA SERRA;2903953;290602803953;PAR;131915.5;23400.002484/2008-80
BA;BONITO;2904050;290602304050;PAR;167307.09;23400.002486/2008-79
BA;BOQUIRA;2904100;290602204100;PAR;8140;23400.002488/2008-68
BA;BOTUPORA;2904209;290602204209;PAR;119683.71;23400.002490/2008-37
BA;BURITIRAMA;2904753;290200604753;PAR;203482.97;23400.002492/2008-26
BA;CACHOEIRA;2904902;290502004902;PAR;94758.4;23400.002494/2008-15
BA;CAEM;2905107;290301005107;PAR;127013.52;23400.002496/2008-12
BA;CAFARNAUM;2905305;290300905305;PAR;65218.02;23400.002498/2008-01
BA;CAIRU;2905404;290703005404;PAR;150812.37;23400.002864/2008-14
BA;CAMACAN;2905602;290703105602;PAR;243347.51;23400.002866/2008-11
BA;CAMACARI;2905701;290502105701;PAR;4908.3;23400.002749/2008-40
BA;CAMPO FORMOSO;2906006;290300806006;PAR;501454.8;23400.002868/2008-01
BA;CANARANA;2906204;290300906204;PAR;134058.8;23400.002870/2008-71
BA;CANDIDO SALES;2906709;290602806709;PAR;232881.52;23400.002872/2008-61
BA;CANSANCAO;2906808;290401406808;PAR;155840;23400.001524/2008-76
BA;CAPIM GROSSO;2906873;290301006873;PAR;9300.3;23400.001522/2008-87
BA;CARDEAL DA SILVA;2907004;290401807004;PAR;93014.86;23400.001520/2008-98
BA;CASA NOVA;2907202;290200407202;PAR;536666.37;23400.002874/2008-50
BA;COARACI;2908002;290703108002;PAR;26909.58;23400.002876/2008-49
BA;CONCEICAO DO COITE;2908408;290401608408;PAR;285074.39;23400.002878/2008-38
BA;CONCEICAO DO JACUIPE;2908507;290301208507;PAR;44;23400.002841/2008-18 
BA;CORDEIROS;2909000;290602709000;PAR;85620.05;23400.002805/2008-46
BA;COTEGIPE;2909406;290100209406;PAR;131275.38;23400.002785/2008-11
BA;CRAVOLANDIA;2909505;290602409505;PAR;1882.8;23400.002787/2008-01
BA;CRISTOPOLIS;2909703;290100209703;PAR;96768.75;23400.002789/2008-91
BA;CURACA;2909901;290200409901;PAR;7966.2;23400.002799/2008-27
BA;DARIO MEIRA;2910008;290602810008;PAR;1232;23400.002797/2008-38
BA;ELISIO MEDRADO;2910305;290301210305;PAR;62964;23400.002795/2008-49
BA;ENTRE RIOS;2910503;290401810503;PAR;351194.9;23400.002793/2008-50
BA;EUCLIDES DA CUNHA;2910701;290401410701;PAR;20428.32;23400.002791/2008-61
BA;FILADELFIA;2910859;290300810859;PAR;175016.21;23400.002786/2008-58
BA;FIRMINO ALVES;2910909;290703110909;PAR;4400;23400.002761/2008-54
BA;FLORESTA AZUL;2911006;290703111006;PAR;108403.92;23400.002725/2008-91
BA;GONGOGI;2911501;290703111501;PAR;88054.75;23400.002727/2008-80
BA;GOVERNADOR LOMANTO JUNIOR;2903300;290703103300;PAR;5104;23400.002723/2008-00
BA;HELIOPOLIS;2911857;290401511857;PAR;146340.72;23400.002731/2008-48
BA;IACU;2911907;290301111907;PAR;26364.6;23400.002733/2008-37
BA;IBICARAI;2912103;290703112103;PAR;12803.85;23400.002735/2008-26
BA;IBICUI;2912301;290602812301;PAR;11774.1;23400.002737/2008-15
BA;IBIQUERA;2912608;290301112608;PAR;924;23400.002739/2008-12
BA;IBIRAPITANGA;2912707;290703112707;PAR;330070.4;23400.002741/2008-83
BA;IBIRATAIA;2912905;290703112905;PAR;20651.4;23400.002753/2008-16
BA;ICHU;2913309;290401613309;PAR;56788.15;23400.002743/2008-72
BA;IGAPORA;2913408;290602613408;PAR;154000;23400.002745/2008-61
BA;IGUAI;2913507;290602813507;PAR;231805.17;23400.002747/2008-51
BA;INHAMBUPE;2913705;290401713705;PAR;356237.78;23400.002751/2008-19
BA;IPECAETA;2913804;290301213804;PAR;19704.3;23400.002729/2008-79
BA;IPIRA;2914000;290301214000;PAR;17858.7;23400.002755/2008-05
BA;IRAJUBA;2914208;290602414208;PAR;122898.74;23400.002757/2008-96
BA;IRAMAIA;2914307;290602414307;PAR;178464;23400.002760/2008-18
BA;IRARA;2914505;290301214505;PAR;283665.39;23400.002762/2008-07
BA;ITABELA;2914653;290703214653;PAR;304260;23400.002862/2008-25
BA;ITACARE;2914901;290703114901;PAR;68746.68;23400.002837/2008-41
BA;ITAETE;2915007;290602315007;PAR;154623.27;23400.002839/2008-31
BA;ITAGI;2915106;290602415106;PAR;11474.4;23400.002764/2008-98
BA;ITAGIBA;2915205;290703115205;PAR;170212.84;23400.002840/2008-65
BA;ITAGIMIRIM;2915304;290703215304;PAR;4400;23400.002842/2008-54
BA;ITAJUIPE;2915502;290703115502;PAR;205807.46;23400.002844/200-43
BA;ITAMARAJU;2915601;290703215601;PAR;13353.3;23400.002846/2008-32
BA;ITAMARI;2915700;290703115700;PAR;121647.53;23400.002766/2008-87
BA;ITAMBE;2915809;290602915809;PAR;23222.4;23400.002848/2008-21
BA;ITAPARICA;2916104;290502116104;PAR;3000;23400.001701/2008-14
BA;ITAPE;2916203;290703116203;PAR;93557.83;23400.002850/2008-09
BA;ITAPEBI;2916302;290703116302;PAR;2063.1;23400.002852/2008-90
BA;ITAPETINGA;2916401;290602916401;PAR;370524.63;23400.002854/2008-89
BA;ITAPICURU;2916500;290401516500;PAR;53267.4;23400.002856/2008-78
BA;ITAPITANGA;2916609;290703116609;PAR;14850;23400.002858/2008-67
BA;ITARANTIM;2916807;290602916807;PAR;24200;23400.002860/2008-36
BA;ITATIM;2916856;290301216856;PAR;145489.54;23400.002292/2008-73
BA;ITIRUCU;2916906;290602416906;PAR;1863;23400.002284/2008-27
BA;ITIUBA;2917003;290300817003;PAR;308050.22;23400.002282/2008-38
BA;ITORORO;2917102;290602917102;PAR;5670.6;23400.002280/2008-49
BA;ITUBERA;2917300;290703017300;PAR;14520;23400.000419/2008-10
BA;IUIU;2917334;290602617334;PAR;8976;23400.002897/2008-64
BA;JAGUAQUARA;2917607;290602417607;PAR;15356;23400.002901/2008-94
BA;JAGUARARI;2917706;290300817706;PAR;248526.59;23400.002903/2008-83
BA;JITAUNA;2918308;290602418308;PAR;62613.28;23400.002905/2008-72
BA;JUAZEIRO;2918407;290200418407;PAR;45408;23400.002907/2008-61
BA;JUCURUCU;2918456;290703218456;PAR;129817.97;23400.002909/2008-51
BA;JUSSARI;2918555;290703118555;PAR;26609.12;23400.002911/2008-20
BA;LAFAIETE COUTINHO;2918704;290602418704;PAR;33822.4;23400.002913/2008-19
BA;LAGOA REAL;2918753;290602618753;PAR;18775.8;23400.002915/2008-16
BA;LAJEDINHO;2919009;290301119009;PAR;8814.8;23400.002878/2008-16
BA;LAMARAO;2919108;290401619108;PAR;46499.2;23400.002286/2008-16
BA;MACAJUBA;2919603;290301119603;PAR;147830.12;23400.002290/2008-84
BA;MACAUBAS;2919801;290602219801;PAR;104000;23400.002326/2008-20
BA;MACURURE;2919900;290200519900;PAR;5368;23400.002294/2008-62
BA;MAIQUINIQUE;2920007;290602920007;PAR;10167.74;23400.002873/2008-13
BA;MAIRI;2920106;290301120106;PAR;195181.51;23400.002899/2008-53
BA;MALHADA DE PEDRAS;2920304;290602720304;PAR;92724.05;23400.002857/2008-12
BA;MANOEL VITORINO;2920403;290602820403;PAR;6531.4;23400.002855/2008-23
BA;MARACAS;2920502;290602420502;PAR;213751.19;23400.002853/2008-34
BA;MARAGOGIPE;2920601;290502020601;PAR;6991.6;23400.002851/2008-45
BA;MARAU;2920700;290703020700;PAR;192828.57;23400.002849/2008-76
BA;MARCIONILIO SOUZA;2920809;290602420809;PAR;3583;23400.002847/2008-87
BA;MASCOTE;2920908;290703120908;PAR;167348.91;23400.002845/2008-98
BA;MATA DE SAO JOAO;2921005;290501921005;PAR;8521.6;23400.002843/2008-07
BA;MATINA;2921054;290602621054;PAR;105660.34;23400.002889/2008-18
BA;MEDEIROS NETO;2921104;290703221104;PAR;696.6;23400.002887/2008-29
BA;MILAGRES;2921302;290602421302;PAR;118680.1;23400.002885/2008-30
BA;MIRANGABA;2921401;290301021401;PAR;8190.57;23400.002883/2008-41
BA;MIRANTE;2921450;290602821450;PAR;81738.13;23400.002881/2008-51
BA;MONTE SANTO;2921500;290401421500;PAR;40044.2;23400.002879/2008-82
BA;MORPARA;2921609;290200621609;PAR;67442.86;23400.002877/2008-93
BA;MUNDO NOVO;2922102;290301122102;PAR;156557.36;23400.002875/2008-02
BA;MUNIZ FERREIRA;2922201;290502022201;PAR;5376.4;23400.002835/2008-52
BA;MUQUEM DE SAO FRANCISCO;2922250;290200622250;PAR;157292.86;23400.002833/2008-63
BA;NILO PECANHA;2922607;290703022607;PAR;175794.86;23400.002831/2008-74
BA;NORDESTINA;2922656;290401422656;PAR;7221.3;23400.002829/2008-03
BA;NOVA CANAA;2922706;290602822706;PAR;124280.04;23400.002827/2008-14
BA;NOVA ITARANA;2922805;290602422805;PAR;54575.22;23400.002838/2008-96
BA;NOVA SOURE;2922904;290401522904;PAR;21641.4;23400.002825/2008-17
BA;NOVO TRIUNFO;2923050;290401523050;PAR;96576.17;23400.002823/2008-28
BA;OLINDINA;2923100;290401523100;PAR;10321.8;23400.002821/2008-39
BA;OLIVEIRA DOS BREJINHOS;2923209;290602223209;PAR;209410.88;23400.002819/2008-60
BA;OURICANGAS;2923308;290301223308;PAR;2371.6;23400.002817/2008-71
BA;OUROLANDIA;2923357;290301023357;PAR;59853.82;23400.002815/2008-81
BA;PARATINGA;2923704;290200723704;PAR;312519.65;23400.002813/2008-92
BA;PARIPIRANGA;2923803;290401523803;PAR;1804;23400.002811/2008-01
BA;PAU BRASIL;2923902;290703123902;PAR;104820.13;23400.002809/2008-24
BA;PEDRO ALEXANDRE;2924207;290401324207;PAR;176152.64;23400.002807/200/-35
BA;PILAO ARCADO;2924405;290200424405;PAR;456787.48;23400.002895/2008-75
BA;PINDAI;2924504;290602624504;PAR;18321;23400.002893/2008-86
BA;PINDOBACU;2924603;290300824603;PAR;170235.22;23400.002891/2008-97
BA;PIRAI DO NORTE;2924678;290703024678;PAR;108273.95;23400.002869/2008-47
BA;PLANALTINO;2924900;290602424900;PAR;87423.61;23400.002867/2008-58
BA;PLANALTO;2925006;290602825006;PAR;243262.8;23400.002865/2008-69
BA;POTIRAGUA;2925402;290602925402;PAR;86478.05;23400.002409/2008-19
BA;PRESIDENTE TANCREDO NEVES;2925758;290703025758;PAR;28131.6;23400.002411/2008-98
BA;QUEIMADAS;2925808;290401425808;PAR;243947.59;23400.002413/2008-87
BA;QUIXABEIRA;2925931;290301025931;PAR;103827.89;23400.002415/2008-76
BA;RAFAEL JAMBEIRO;2925956;290301225956;PAR;21954;23400.002417/2008-65
BA;REMANSO;2926004;290200426004;PAR;285060.83;23400.002419/2008-54
BA;RETIROLANDIA;2926103;290401626103;PAR;7793.1;23400.002421/2008-23
BA;RIACHAO DAS NEVES;2926202;290100126202;PAR;396;23400.002423/2008-12
BA;RIBEIRA DO AMPARO;2926509;290401526509;PAR;302559.32;23400.002425/2008-10
BA;RIBEIRAO DO LARGO;2926657;290602926657;PAR;21938.4;23400.002427/2008-09
BA;SANTA BRIGIDA;2927606;290401327606;PAR;182577.55;23400.002429/2008-90
BA;SANTA INES;2927903;290602427903;PAR;54665.22;23400.002431/2008-69
BA;SANTA MARIA DA VITORIA;2928109;290100328109;PAR;34996.2;23400.002433/2008-58
BA;SANTALUZ;2928000;290401628000;PAR;328177.89;23400.002435/2008-47
BA;SANTANA;2928208;290100328208;PAR;16032;23400.002437/2008-36
BA;SANTANOPOLIS;2928307;290301228307;PAR;94881.29;23400.002439/2008-25
BA;SANTO ESTEVAO;2928802;290301228802;PAR;357159.59;23400.002560/2008-57
BA;SAO JOSE DA VITORIA;2929354;290703129354;PAR;25619.64;23400.002562/2008-46
BA;SAO JOSE DO JACUIPE;2929370;290301029370;PAR;10428;23400.002564/2008-35
BA;SAO MIGUEL DAS MATAS;2929404;290602429404;PAR;107555.35;23400.002428/2008-45
BA;SAPEACU;2929602;290502029602;PAR;16605.6;23400.002426/2008-56
BA;SATIRO DIAS;2929701;290401729701;PAR;188731.23;23400.002424/2008-67
BA;SAUBARA;2929750;290502029750;PAR;4000;23400.002430/2008-14
BA;SAUDE;2929800;290301029800;PAR;16160;23400.002432/2008-11
BA;SERRA PRETA;2930402;290301230402;PAR;165046.21;23400.002434/2008-01
BA;SERRINHA;2930501;290401630501;PAR;52000;23400.002436/2008-91
BA;SERROLANDIA;2930600;290301030600;PAR;5456;23400.002438/2008-81
BA;SITIO DO MATO;2930758;290200730758;PAR;175208;23400.002401/2008-52
BA;TANQUINHO;2931103;290301231103;PAR;2684;23400.002403/2008-41
BA;TAPIRAMUTA;2931301;290301131301;PAR;4605.6;23400.002405/2008-31
BA;TEODORO SAMPAIO;2931400;290301231400;PAR;18421.12;23400.002407/2008-20
BA;TEOFILANDIA;2931509;290401631509;PAR;254332.98;23400.002594/2008-41
BA;TEOLANDIA;2931608;290703131608;PAR;1392;23400.002592/2008-52
BA;TREMEDAL;2931806;290602731806;PAR;136322.58;23400.002590/2008-63
BA;TUCANO;2931905;290401431905;PAR;542458.28;23400.002588/2008-94
BA;UBAIRA;2932101;290602432101;PAR;109436.14;23400.002586/2008-03
BA;UBATA;2932309;290703132309;PAR;226908;23400.002584/2008-14
BA;UMBURANAS;2932457;290300832457;PAR;145512.18;23400.002582/2008-17
BA;UNA;2932507;290703132507;PAR;612139.15;23400.002580/2008-28
BA;URUCUCA;2932705;290703132705;PAR;274728.68;23400.002578/2008-59
BA;UTINGA;2932804;290602332804;PAR;4971;23400.002576/2008-60
BA;VALENCA;2932903;290703032903;PAR;539977.07;23400.002574/2008-71
BA;VALENTE;2933000;290401633000;PAR;8173.2;23400.002572/2008-81
BA;VARZEA DA ROCA;2933059;290301133059;PAR;92121.15;23400.002570/2008-92
BA;VARZEA NOVA;2933158;290301033158;PAR;143675.51;23400.002568/2008-13
BA;VARZEDO;2933174;290502033174;PAR;7766.4;23400.002566/2008-24
BA;VERA CRUZ;2933208;290502133208;PAR;272114.82;23400.002422/2008-78
BA;VEREDA;2933257;290703233257;PAR;1878.8;23400.002420/2008-89
BA;WANDERLEY;2933455;290100233455;PAR;106662.62;23400.002418/2008-18
BA;WENCESLAU GUIMARAES;2933505;290703133505;PAR;725;23400.002416/2008-11
BA;XIQUE-XIQUE;2933604;290200633604;PAR;47938.4;23400.002414/2008-21
CE;ACARAPE;2300150;230201300150;PAR;91032.58;23400.002410/2008-43
CE;AQUIRAZ;2301000;230301601000;PAR;5116;23400.001699/2008-83
CE;ARARIPE;2301307;230702901307;PAR;258148;23400.001412/2008-32
CE;BANABUIU;2301851;230401901851;PAR;168422.85;23400.002408/2008-74
CE;BARREIRA;2301950;230201401950;PAR;167808.43;23400.002400/2008-16
CE;BATURITE;2302107;230201302107;PAR;8231.85;23400.002402/2008-05
CE;BOA VIAGEM;2302404;230401902404;PAR;536536;23400.002412/2008-32
CE;CARIRIACU;2303204;230703003204;PAR;585867.93;23400.002400/2008-16
CE;CEDRO;2303808;230602603808;PAR;243029.4;23400.002603/2008-02
CE;CHOROZINHO;2303956;230201403956;PAR;200995.89;23400.002781/2008-25
CE;GENERAL SAMPAIO;2304608;230201104608;PAR;48207.74;23400.002768/2008-76
CE;ICAPUI;2305357;230502205357;PAR;183920;23400.002770/2008-45
CE;ICO;2305407;230602605407;PAR;235939.2;23400.001697/2008-94
CE;IPAUMIRIM;2305704;230602805704;PAR;76549.3;23400.002772/2008-34
CE;IPU;2305803;230100605803;PAR;60800;23400.002774/2008-23
CE;IPUEIRAS;2305902;230100605902;PAR;388870.67;23400.002776/2008-12
CE;JAGUARETAMA;2306702;230502406702;PAR;153534.47;23400.002778/2008-10
CE;JAGUARIBE;2306900;230502406900;PAR;29939.1;23400.002780/2008-81
CE;LAVRAS DA MANGABEIRA;2307502;230602807502;PAR;41492;23400.002782/2008-70
CE;MAURITI;2308104;230703108104;PAR;202950;23400.002784/2008-69
CE;MILAGRES;2308302;230703308302;PAR;86792.8;23400.002788/2008-47
CE;MISSAO VELHA;2308401;230703208401;PAR;301680.52;23400.002790/2008-16
CE;MONSENHOR TABOSA;2308609;230401808609;PAR;72480;23400.002792/2008-13
CE;MULUNGU;2309102;230201309102;PAR;6556;23400.002794/2008-02
CE;NOVA OLINDA;2309201;230703209201;PAR;87005.2;23400.002796/2008-93
CE;OROS;2309508;230602609508;PAR;163248.38;23400.002798/2008-82
CE;PACAJUS;2309607;230301709607;PAR;44080;23400.002763/2008-43
CE;PENAFORTE;2310605;230703310605;PAR;77717.92;23400.001695/2008-03
CE;PORANGA;2311009;230100611009;PAR;107424.34;23400.002765/2008-32
CE;POTENGI;2311207;230702911207;PAR;90932.15;23400.002767/2008-21
CE;QUIXERE;2311504;230502311504;PAR;190564;23400.002769/2008-11
CE;SALITRE;2311959;230702911959;PAR;173548.49;23400.002771/2008-90
CE;SANTANA DO ACARAU;2312007;230100512007;PAR;251865.54; 23400.002773/2008-89
CE;SAO JOAO DO JAGUARIBE;2312502;230502312502;PAR;47221.99;23400.002775/2008-78
CE;TAMBORIL;2313203;230401813203;PAR;336920.06;23400.002777/2008-67
CE;UMARI;2313708;230602813708;PAR;76428;23400.002779/2008-56
ES;AGUA DOCE DO NORTE;3200169;320100100169;PAR;179311.93;23400.002783/2008-14
ES;ALTO RIO NOVO;3200359;320100300359;PAR;110829.73;23400.002800/2008-13
ES;APIACA;3200508;320401200508;PAR;2288;23400.002802/2008-11
ES;BOA ESPERANCA;3201001;320100201001;PAR;216829.29;23400.002804/2008-00
ES;CONCEICAO DA BARRA;3201605;320200501605;PAR;611245.05;23400.002806/2008-91
ES;CONCEICAO DO CASTELO;3201704;320300701704;PAR;1116;23400.002808/2008-80
ES;DORES DO RIO PRETO;3202009;320401102009;PAR;76103.32;23400.002810/2008-59
ES;ECOPORANGA;3202108;320100102108;PAR;11260.5;23400.002812/2008-48
ES;GUACUI;3202306;320401102306;PAR;340415.03;23400.002814/2008-37
ES;GUARAPARI;3202405;320301002405;PAR;15347.1;23400.002816/2008-26
ES;IBITIRAMA;3202553;320401102553;PAR;2772;23400.002820/2008-94
ES;IRUPI;3202652;320401102652;PAR;34626.6;23400.002822/2008-83
ES;ITAPEMIRIM;3202801;320401302801;PAR;390689.37;23400.002824/2008-72
ES;IUNA;3203007;320401103007;PAR;508101.29;23400.002826/2008-61
ES;MARATAIZES;3203320;320401303320;PAR;26681.22;23400.002828/2008-51
ES;MIMOSO DO SUL;3203403;320401203403;PAR;10472;23400.002830/2008-20
ES;MONTANHA;3203502;320200403502;PAR;276348.15;23400.002832/2008-19
ES;MUCURICI;3203601;320200403601;PAR;4884;23400.002836/2008-05
ES;MUQUI;3203809;320401203809;PAR;3643.64;23400.001693/2008-14
ES;PEDRO CANARIO;3204054;320200504054;PAR;134552;23400.002801/2008-68
ES;PONTO BELO;3204252;320200404252;PAR;128832.24;23400.002803/2008-57
ES;SANTA MARIA DE JETIBA;3204559;320300804559;PAR;351268.23;23400.003119/2008-92
ES;VIANA;3205101;320300905101;PAR;1149004.69;23400.003117/2008-01
GO;AGUAS LINDAS DE GOIAS;5200258;520401200258;PAR;1249714.27;23400.002834/2008-16
GO;APARECIDA DO RIO DOCE;5201454;520501301454;PAR;26928;23400.001662/2008-55
GO;ARAGOIANIA;5201801;520301001801;PAR;42724;23400.002818/2008-15
GO;ARAGUAPAZ;5202155;520100202155;PAR;47121.11;23400.003115/2008-12
GO;BELA VISTA DE GOIAS;5203302;520301003302;PAR;95670.06;23400.001691/2008-17
GO;BONFINOPOLIS;5203559;520301003559;PAR;67700.3;23400.003113/2008-15
GO;CAMPESTRE DE GOIAS;5204607;520501404607;PAR;34597.35;23400.003111/2008-26
GO;CAVALCANTE;5205307;520200505307;PAR;186116.04;23400.003109/2008-57
GO;DIVINOPOLIS DE GOIAS;5208301;520401108301;PAR;75777.16;23400.003107/2008-68
GO;FLORES DE GOIAS;5207907;520401107907;PAR;152808.76;23400.003105/2008-79
GO;GUARANI DE GOIAS;5209408;520401109408;PAR;40498.5;23400.003103/2008-80
GO;IACIARA;5209903;520401109903;PAR;126921.18;23400.003101/2008-91
GO;ITAPIRAPUA;5211008;520100211008;PAR;1985.95;23400.001660/2008-66
GO;MAIRIPOTABA;5212600;520501512600;PAR;26846.75;23400.003099/2008-50
GO;MAMBAI;5212709;520401112709;PAR;688.2;23400.003097/2008-61
GO;MUNDO NOVO;5214051;520100114051;PAR;37136;23400.002687/2008-76
GO;NOVA CRIXAS;5214838;520100114838;PAR;304.5;23400.002689/2008-65
GO;NOVA ROMA;5214903;520200514903;PAR;63396.73;23400.002691/2008-34
GO;SANTA CRUZ DE GOIAS;5219209;520501619209;PAR;18822.35;23400.002693/2008-23
GO;SANTO ANTONIO DO DESCOBERTO;5219753;520401219753;PAR;841065.3;23400.002695/2008-12
GO;SAO DOMINGOS;5219803;520401119803;PAR;7568;23400.002697/2008-10
GO;SIMOLANDIA;5220686;520401120686;PAR;69925.31;23400.002699/2008-09
GO;TURVELANDIA;5221551;520501421551;PAR;29128;23400.002701/2008-31
MA;AFONSO CUNHA;2100105;210401600105;PAR;26428.22;23400.002703/2008-21
MA;ALCANTARA;2100204;210100100204;PAR;65853.14;23400.002705/2008-10
MA;ALDEIAS ALTAS;2100303;210401600303;PAR;26000;23400.002707/2008-17
MA;ALTO ALEGRE DO MARANHAO;2100436;210401500436;PAR;71577.06;23400.002709/2008-06
MA;ALTO PARNAIBA;2100501;210502000501;PAR;34092.55;23400.002711/2008-77
MA;AMAPA DO MARANHAO;2100550;210200700550;PAR;85008;23400.002713/2008-66
MA;BACABAL;2101202;210301001202;PAR;193674.26;23400.002715/2008-55
MA;BELAGUA;2101731;210401401731;PAR;42499.35;23400.002717/2008-44
MA;BOA VISTA DO GURUPI;2101970;210200701970;PAR;35717.78;23400.002719/2008-33
MA;BREJO;2102101;210401402101;PAR;56000;23400.002720/2008-68
MA;BURITI BRAVO;2102309;210401702309;PAR;82763.47;23400.002722/2008-57
MA;CACHOEIRA GRANDE;2102374;210100302374;PAR;43484.66;23400.002724/2008-46
MA;CAJAPIO;2102408;210100102408;PAR;5509.4;23400.002726/2008-35
MA;CANTANHEDE;2102705;210100602705;PAR;20000;23400.002728/2008-24
MA;CAXIAS;2103000;210401703000;PAR;491968.68;23400.002730/2008-01
MA;CONCEICAO DO LAGO-ACU;2103554;210100503554;PAR;78312.46;23400.002732/2008-92
MA;COROATA;2103604;210401503604;PAR;45000;23400.002734/2008-81
MA;DUQUE BACELAR;2103901;210401603901;PAR;59034.22;23400.002736/2008-71
MA;ESTREITO;2104057;210501904057;PAR;103715.91;23400.002738/2008-60
MA;FEIRA NOVA DO MARANHAO;2104073;210502004073;PAR;15017;23400.002740/2008-39
MA;FORMOSA DA SERRA NEGRA;2104099;210301104099;PAR;75315.16;23400.002742/2008-28
MA;FORTALEZA DOS NOGUEIRAS;2104107;210502104107;PAR;7543.2;23400.002744/2008-17
MA;FORTUNA;2104206;210301204206;PAR;528;23400.002746/2008-14
MA;GODOFREDO VIANA;2104305;210200704305;PAR;570587.13;23400.002748/2008-03
MA;GOVERNADOR EUGENIO BARROS;2104602;210301204602;PAR;65928.23;23400.002750/2008-74
MA;GOVERNADOR LUIZ ROCHA;2104628;210301204628;PAR;2001;23400.002752/2008-63
MA;GOVERNADOR NEWTON BELLO;2104651;210200804651;PAR;46508.43;23400.002754/2008-52
MA;GOVERNADOR NUNES FREIRE;2104677;210200704677;PAR;5533;23400.002756/2008-41
MA;GRACA ARANHA;2104701;210301204701;PAR;22345.65;23400.002758/2008-31
MA;GRAJAU;2104800;210301104800;PAR;49897.2;23400.002721/2008-11
MA;HUMBERTO DE CAMPOS;2105005;210100405005;PAR;120621.54;23400.002567/2008-79
MA;ICATU;2105104;210100305104;PAR;18009;23400.002569/2008-68
MA;IGARAPE DO MEIO;2105153;210100505153;PAR;68816.6;23400.002571/2008-37
MA;JATOBA;2105450;210401805450;PAR;42141.36;23400.002573/2008-26
MA;JENIPAPO DOS VIEIRAS;2105476;210301105476;PAR;6730.4;23400.002575/2008-15
MA;JUNCO DO MARANHAO;2105658;210200705658;PAR;31620.38;23400.002579/2008-01
MA;LAGOA GRANDE DO MARANHAO;2105963;210200805963;PAR;48312.04;23400.002581/2008-72
MA;LAJEADO NOVO;2105989;210200905989;PAR;7160;23400.002583/2008-61
MA;LUIS DOMINGUES;2106201;210200706201;PAR;1279.8;23400.002585/2008-51
MA;MARAJA DO SENA;2106359;210200806359;PAR;24043.2;23400.002587/2008-40
MA;MATINHA;2106508;210100506508;PAR;112637.28;23400.002589/2008-39
MA;MATOES;2106607;210401706607;PAR;112000;23400.002591/2008-16
MA;MIRADOR;2106706;210401806706;PAR;39087.8;23400.002593/2008-05
MA;MIRANDA DO NORTE;2106755;210100606755;PAR;86663.64;23400.002595/2008-96
MA;MONCAO;2106904;210100506904;PAR;59928;23400.002597/2008-85
MA;MORROS;2107100;210100307100;PAR;49506.2;23400.002599/2008-74
MA;NOVA IORQUE;2107308;210401807308;PAR;46816;23400.002680/2008-54
MA;OLHO DAGUA DAS CUNHAS;2107407;210301007407;PAR;63012.26;23400.002682/2008-43
MA;OLINDA NOVA DO MARANHAO;2107456;210100507456;PAR;116198.38;23400.002684/2008-32
MA;PALMEIRANDIA;2107605;210100507605;PAR;69538.11;23400.002686/2008-21
MA;PARNARAMA;2107803;210401707803;PAR;26488;23400.002688/2008-11
MA;PAULO RAMOS;2108108;210200808108;PAR;108156.51;23400.002694/2008-78
MA;PERITORO;2108454;210401508454;PAR;100693.49;23400.002696/2008-67
MA;PIRAPEMAS;2108801;210100608801;PAR;29680;23400.001689/2008-48
MA;PRESIDENTE JUSCELINO;2109205;210100309205;PAR;63204.1;23400.002698/2008-56
MA;RIACHAO;2109502;210502009502;PAR;68033.67;23400.002700/2008-97
MA;SAMBAIBA;2109700;210502109700;PAR;22109.34;23400.002702/2008-86
MA;SANTA FILOMENA DO MARANHAO;2109759;210301109759;PAR;10267.6;23400.002704/2008-75
MA;SANTA HELENA;2109809;210100509809;PAR;132693.89;23400.002706/2008-64
MA;SANTA RITA;2110203;210100310203;PAR;91464.86;23400.002708/2008-53
MA;SANTO AMARO DO MARANHAO;2110278;210100410278;PAR;134046;23400.002710/2008-22
MA;SAO BENEDITO DO RIO PRETO;2110401;210401410401;PAR;380720.44;23400.002712/2008-11
MA;SAO BERNARDO;2110609;210401310609;PAR;102976.13;23400.002714/2008-19
MA;SAO DOMINGOS DO AZEITAO;2110658;210502110658;PAR;58396.8;23400.002716/2008-08
MA;SAO FELIX DE BALSAS;2110807;210502110807;PAR;14297.19;23400.002718/2008-99
MA;SAO FRANCISCO DO MARANHAO;2110906;210401810906;PAR;43309.37;23400.002681/2008-07
MA;SAO JOAO DO SOTER;2111078;210401711078;PAR;86106.98;23400.002683/2008-98
MA;SAO LUIS GONZAGA DO MARANHAO;2111409;210301011409;PAR;100305.86;23400.002685/2008-87
MA;SAO MATEUS DO MARANHAO;2111508;210301011508;PAR;10829;23400.002992/2008-68
MA;SAO RAIMUNDO DO DOCA BEZERRA;2111631;210301011631;PAR;33223.64;23400.002994/2008-57
MA;SAO VICENTE FERRER;2111706;210100511706;PAR;82010.61;23400.002996/2008-46
MA;SATUBINHA;2111722;210301011722;PAR;28920;23400.002998/2008-35
MA;SERRANO DO MARANHAO;2111789;210100111789;PAR;52283.09;23400.002961/2008-15
MA;SITIO NOVO;2111805;210301111805;PAR;24905.4;23400.002963/2008-04
MA;SUCUPIRA DO NORTE;2111904;210401811904;PAR;34665.09;23400.002965/2008-95
MA;TASSO FRAGOSO;2112001;210502012001;PAR;24852.25;23400.002967/2008-84
MA;TIMBIRAS;2112100;210401512100;PAR;44480;23400.002969/2008-73
MA;TUFILANDIA;2112274;210200812274;PAR;36173.2;23400.002975/2008-21
MA;TURIACU;2112407;210200712407;PAR;187895.88;23400.002973/2008-31
MA;TURILANDIA;2112456;210200712456;PAR;21616.4;23400.000417/2008-21
MA;TUTOIA;2112506;210100412506;PAR;255922.6;23400.003095/2008-71
MA;URBANO SANTOS;2112605;210401412605;PAR;11465.55;23400.002977/2008-10
MA;VILA NOVA DOS MARTIRIOS;2112852;210200912852;PAR;3200;23400.002979/2008-17
MA;VITORINO FREIRE;2113009;210200813009;PAR;380732;23400.002981/2008-88
MG;CAPITAO ENEAS;3112703;310200712703;PAR;187365.1;23400.002983/2008-77
MG;CARAI;3113008;310301213008;PAR;129571.2;23400.002985/2008-66
MG;CARVALHOS;3114808;311005514808;PAR;41307.61;23400.002987/2008-55
MG;CRISOLITA;3120151;310401620151;PAR;92158.45;23400.002989/2008-44
MG;FRANCISCOPOLIS;3126752;310401526752;PAR;68644.31;23400.002991/2008-13
MG;FRONTEIRA DOS VALES;3127057;310401627057;PAR;17468;23400.002993/2008-11
MG;ICARAI DE MINAS;3130051;310200330051;PAR;102234.1;23400.002995/2008-00
MG;ITAMBACURI;3132701;310803732701;PAR;123676.74;23400.002997/2008-91
MG;JOSE RAYDAN;3136553;310803636553;PAR;64839.4;23400.002999/2008-80
MG;MANGA;3139300;310200339300;PAR;8139.6;23400.001658/2008-97
MG;MARILAC;3140100;310803740100;PAR;600;23400.001687/2008-59
MG;MATIAS CARDOSO;3140852;310200340852;PAR;183439.99;23400.000429/2008-55
MG;MEDINA;3141405;310301341405;PAR;156092.49;23400.003002/2008-17
MG;NACIP RAYDAN;3144201;310803744201;PAR;40012.28;23400.003004/2008-06
MG;PADRE CARVALHO;3146255;310200846255;PAR;70894.13;23400.003006/2008/97
MG;RIO DO PRADO;3155108;310301455108;PAR;33968;23400.003008/2008-86
MG;SABINOPOLIS;3156809;310803556809;PAR;114086.53;23400.003010/2008-55
MG;SANTANA DE PIRAPAMA;3158508;310702758508;PAR;32076;23400.003012/2008-44
MG;SANTO ANTONIO DO RETIRO;3160454;310200560454;PAR;141306.43;23400.003014/2008-33
MG;SAO JOAO DO PACUI;3162658;310200762658;PAR;54199.51;23400.003016/2008-22
MG;SAO ROMAO;3164209;310200664209;PAR;155570.1;23400.003018/2008-11
MG;UNIAO DE MINAS;3170438;310502170438;PAR;396;23400.001685/2008-60
MS;ALCINOPOLIS;5000252;500200300252;PAR;1232;23400.001676/2008-79
MS;AMAMBAI;5000609;500401000609;PAR;11132;23400.001678/2008-68
MS;ANASTACIO;5000708;500100200708;PAR;116706.05;23400.001681/2008-81
MS;ANAURILANDIA;5000807;500300800807;PAR;49414.3;23400.003020/2008-91
MS;AQUIDAUANA;5001102;500100201102;PAR;12117.6;23400.001670/2008-00
MS;ANTONIO JOAO;5000906;500401000906;PAR;80539.27;23400.003022/2008-80
MS;ARAL MOREIRA;5001243;500401001243;PAR;74706.21;23400.003024/2008-79
MS;BATAIPORA;5002001;500300802001;PAR;67958.13;23400.001656/2008-06
MS;BELA VISTA;5002100;500400902100;PAR;2939.2;23400.001654/2008-17
MS;BONITO;5002209;500400902209;PAR;149378.31;23400.003030/2008-26
MS;CORGUINHO;5003108;500200403108;PAR;37838.53;23400.003032/2008-15
MS;COXIM;5003306;500200303306;PAR;151666.81;23400.003034/2008-12
MS;DEODAPOLIS;5003454;500401103454;PAR;1386;23400.003036/2008-01
MS;DOIS IRMAOS DO BURITI;5003488;500100203488;PAR;113103.24;23400.001674/2008-80
MS;ELDORADO;5003751;500401103751;PAR;103404.42;23400.003093/2008-82
MS;INOCENCIA;5004403;500300604403;PAR;42681.43;23400.003028/2008-57
MS;ITAQUIRAI;5004601;500401104601;PAR;5808;23400.001672/2008-91
MS;JAPORA;5004809;500401104809;PAR;115989.51;23400.003026/2008-68
MS;JUTI;5005152;500401005152;PAR;50461.18;23400.003091/2008-93
MS;LADARIO;5005202;500100105202;PAR;8976;23400.001683/2008-71
MS;MIRANDA;5005608;500100205608;PAR;266666.01;23400.003089/2008-14
MS;MUNDO NOVO;5005681;500401105681;PAR;7392;23400.001668/2008-22
MS;NIOAQUE;5005806;500400905806;PAR;151480.53;23400.003087/2008-25
MS;NOVO HORIZONTE DO SUL;5006259;500401106259;PAR;1716;23400.003085/2008-36
MS;SANTA RITA DO PARDO;5007554;500300707554;PAR;78153.4;23400.003083/2008-47
MT;BOM JESUS DO ARAGUAIA;5101852;510200901852;PAR;26322.52;23400.003118/2008-48
MT;CAMPINAPOLIS;5102603;510201002603;PAR;161995.4;23400.003081/2008-58
MT;DOM AQUINO;5103601;510502103601;PAR;39348.42;23400.003116/2008-59
MT;GUARANTA DO NORTE;5104104;510100304104;PAR;227629.84;23400.003114/2008-60
MT;INDIAVAI;5104500;510301404500;PAR;32874.06;23400.003112/2008-71
MT;IPIRANGA DO NORTE;5104526;510100604526;PAR;34067.9;23400.000420/2008-44
MT;ITAUBA;5104559;510100704559;PAR;696;23400.003110/2008-81
MT;JAURU;5105002;510301405002;PAR;46688.4;23400.001601/2008-98
MT;NOVA MARINGA;5108907;510100508907;PAR;28300.8;23400.001718/2008-71
MT;NOVA NAZARE;5106174;510201006174;PAR;37299.59;23400.003108/2008-11
MT;NOVO SANTO ANTONIO;5106315;510200906315;PAR;33418.36;23400.003106/2008-13
MT;PLANALTO DA SERRA;5106455;510100806455;PAR;6235.31;23400.000422/2008-33
MT;POCONE;5106505;510401806505;PAR;22451.7;23400.001666/2008-33
MT;PONTAL DO ARAGUAIA;5106653;510502006653;PAR;27216.56;23400.003104/2008-24
MT;PORTO ESTRELA;5106851;510301306851;PAR;31946.18;23400.003102/2008-35
MT;ROSARIO OESTE;5107701;510401607701;PAR;129492;23400.000424/2008-22
MT;SANTA CRUZ DO XINGU;5107743;510200907743;PAR;40379.26;23400.003100/2008-46
MT;SANTA RITA DO TRIVELATO;5107768;510100607768;PAR;726;23400.003003/2008-53
MT;SANTO AFONSO;5107263;510401507263;PAR;23925.03;23400.000426/2008-11
MT;SAPEZAL;5107875;510100407875;PAR;175608.64;23400.003096/2008-16
MT;VILA BELA DA SANTISSIMA TRINDADE;5105507;510301205507;PAR;64152;23400.000428/2008-19
PA;ABEL FIGUEIREDO;1500131;150601700131;PAR;51090.22;23400.002645/2008-35
PA;ACARA;1500206;150401200206;PAR;216400;23400.002647/2008-24
PA;AFUA;1500305;150200500305;PAR;118241.4;23400.002649/2008-13
PA;AGUA AZUL DO NORTE;1500347;150601900347;PAR;143308;23400.002651/2008-92
PA;ALENQUER;1500404;150100200404;PAR;348742.74;23400.002653/2008-81
PA;ALMEIRIM;1500503;150100300503;PAR;45656.4;23400.002655/2008-71
PA;ANAJAS;1500701;150200500701;PAR;16544;23400.002657/2008-60
PA;ANAPU;1500859;150501500859;PAR;136031.15;23400.002659/2008-59
PA;AUGUSTO CORREA;1500909;150401000909;PAR;17680;23400.002661/2008-28
PA;AURORA DO PARA;1500958;150401300958;PAR;188200.05;23400.002663/2008-17
PA;AVEIRO;1501006;150501401006;PAR;48638.7;23400.002665/2008-14
PA;BAGRE;1501105;150200401105;PAR;235180;23400.002667/2008-03
PA;BAIAO;1501204;150401101204;PAR;231554.47;23400.002669/2008-94
PA;BREJO GRANDE DO ARAGUAIA;1501758;150602001758;PAR;70227.18;23400.002671/2008-63
PA;BREU BRANCO;1501782;150601601782;PAR;572;23400.002673/2008-52
PA;BREVES;1501808;150200501808;PAR;143965.8;23400.002675/2008-41
PA;BUJARU;1501907;150300801907;PAR;37136;23400.002677/2008-31
PA;CACHOEIRA DO ARARI;1502004;150200602004;PAR;98464.23;23400.002679/2008-20
PA;CACHOEIRA DO PIRIA;1501956;150401301956;PAR;5148;23400.002920/2008-11
PA;CAMETA;1502103;150401102103;PAR;1017714.09;23400.001607/2008-65
PA;CAPITAO POCO;1502301;150401302301;PAR;16984;23400.001609/2008-54
PA;CHAVES;1502509;150200602509;PAR;157542.39;23400.001611/2008-23
PA;CONCORDIA DO PARA;1502756;150401202756;PAR;295637.53;23400.001613/2008-12
PA;CURRALINHO;1502806;150200502806;PAR;197266.21;23400.001615/2008-10
PA;CURUA;1502855;150100202855;PAR;13431.3;23400.001617/2008-09
PA;DOM ELISEU;1502939;150601702939;PAR;349569.17;23400.001636/2008-27
PA;ELDORADO DOS CARAJAS;1502954;150601902954;PAR;352;23400.001634/2008-38
PA;FARO;1503002;150100103002;PAR;80605.48;23400.001638/2008-16
PA;FLORESTA DO ARAGUAIA;1503044;150602203044;PAR;5632;23400.001639/2008-61
PA;GARRAFAO DO NORTE;1503077;150401303077;PAR;272677.39;23400.001637/2008-71
PA;GOIANESIA DO PARA;1503093;150601703093;PAR;18095;23400.001635/2008-82
PA;GURUPA;1503101;150200403101;PAR;314777.26;23400.001633/2008-93
PA;IGARAPE-ACU;1503200;150401003200;PAR;99667.71;23400.001631/2008-02
PA;IGARAPE-MIRI;1503309;150401103309;PAR;556369.02;23400.001629/2008-25
PA;INHANGAPI;1503408;150300803408;PAR;11231.7;23400.001627/2008-36
PA;IPIXUNA DO PARA;1503457;150401303457;PAR;206778.65;23400.001625/2008-47
PA;ITAITUBA;1503606;150501403606;PAR;726250.39;23400.001623/2008-58
PA;ITUPIRANGA;1503705;150601603705;PAR;21000;23400.001621/2008-69
PA;JACAREACANGA;1503754;150501403754;PAR;128349.5;23400.001619/2008-90
PA;JACUNDA;1503804;150601603804;PAR;340534.54;23400.002925/2008-43
PA;MAE DO RIO;1504059;150401304059;PAR;5632;23400.003009/2008-21
PA;MARACANA;1504307;150400904307;PAR;254872.7;23400.003007/2008-31
PA;MARAPANIM;1504406;150400904406;PAR;216286.01;23400.002929/2008-21
PA;MEDICILANDIA;1504455;150501504455;PAR;160186.96;23400.002927/2008-32
PA;MELGACO;1504505;150200404505;PAR;37000;23400.002931/2008-09
PA;MOCAJUBA;1504604;150401104604;PAR;240865.33;23400.002933/2008-90
PA;MOJU;1504703;150401204703;PAR;35751.99;23400.002937/2008-78
PA;MONTE ALEGRE;1504802;150100204802;PAR;469737.42;23400.002935/2008-89
PA;MUANA;1504901;150200604901;PAR;80000;23400.002941/2008-36
PA;NOVA ESPERANCA DO PIRIA;1504950;150401304950;PAR;159478.34;23400.002939/2008-67
PA;NOVA IPIXUNA;1504976;150601604976;PAR;24756.6;23400.000415/2008-31
PA;NOVO REPARTIMENTO;1505064;150601605064;PAR;450064.92;23400.002943/2008-25
PA;OEIRAS DO PARA;1505205;150401105205;PAR;257578.57;23400.002951/2008-71
PA;OUREM;1505403;150401305403;PAR;67201.34;23400.002949/2008-01
PA;PACAJA;1505486;150501505486;PAR;117787.5;23400.002747/2008-11
PA;PALESTINA DO PARA;1505494;150602005494;PAR;3189;23400.002945/2008-14
PA;PAU DARCO;1505551;150602105551;PAR;60333.91;23400.002953/2008-61
PA;PLACAS;1505650;150100205650;PAR;96987.07;23400.002955/2008-50
PA;PORTEL;1505809;150200405809;PAR;466639.29;23400.002959/2008-38
PA;PORTO DE MOZ;1505908;150100305908;PAR;20000;23400.002957/2008-49
PA;PRAINHA;1506005;150100206005;PAR;288649.26;23400.002962/2008-51
PA;PRIMAVERA;1506104;150401006104;PAR;143968;23400.002960/2008-62
PA;RUROPOLIS;1506195;150501406195;PAR;278845.92;23400.002966/2008-30
PA;SANTA ISABEL DO PARA;1506500;150300806500;PAR;324621.41;23400.002964/2008-41
PA;SANTA LUZIA DO PARA;1506559;150401306559;PAR;237732;23400.002968/2008-29
PA;SANTA MARIA DO PARA;1506609;150401006609;PAR;92313.32;23400.002972/2008-97
PA;SANTANA DO ARAGUAIA;1506708;150602206708;PAR;24480;23400.002970/2008-06
PA;SANTAREM NOVO;1506906;150401006906;PAR;64427.41;23400.002976/2008-75
PA;SAO CAETANO DE ODIVELAS;1507102;150400907102;PAR;77775.24;23400.002974/2008-86
PA;SAO DOMINGOS DO ARAGUAIA;1507151;150602007151;PAR;26802.9;23400.002978/2008-64
PA;SAO DOMINGOS DO CAPIM;1507201;150401307201;PAR;191836.55;23400.002980/2008-33
PA;SAO FELIX DO XINGU;1507300;150601807300;PAR;80308.8;23400.002982/2008-22
PA;SAO GERALDO DO ARAGUAIA;1507458;150602107458;PAR;220747.51;23400.000413/2008-42
PA;SAO JOAO DA PONTA;1507466;150400907466;PAR;39271.24;23400.002984/2008-11
PA;SAO JOAO DE PIRABAS;1507474;150400907474;PAR;20120;23400.002986/2008-19
PA;SAO JOAO DO ARAGUAIA;1507508;150602007508;PAR;129428.42;23400.002990/2008-79
PA;SAO SEBASTIAO DA BOA VISTA;1507706;150200507706;PAR;345972;23400.002988/2008-08
PA;SAPUCAIA;1507755;150602107755;PAR;1800;23400.002644/2008-91
PA;SENADOR JOSE PORFIRIO;1507805;150501507805;PAR;161216;23400.002646/2008-80
PA;TAILANDIA;1507953;150401207953;PAR;438549.05;23400.002648/2008-79
PA;TERRA ALTA;1507961;150400907961;PAR;6177;23400.002650/2008-48
PA;TRAIRAO;1508050;150501408050;PAR;101881.35;23400.002652/2008-37
PA;TUCUMA;1508084;150601808084;PAR;8593.3;23400.002654/2008-26
PA;URUARA;1508159;150501508159;PAR;10857.58;23400.002656/2008-15
PA;VISEU;1508308;150401308308;PAR;84585.87;23400.002658/2008-12
PA;VITORIA DO XINGU;1508357;150501508357;PAR;76003.45;23400.002660/2008-83
PB;ALAGOA GRANDE;2500304;250301500304;PAR;132123.77;23400.002662/2008-72
PB;ALAGOA NOVA;2500403;250301500403;PAR;18400;23400.002664/2008-61
PB;ALAGOINHA;2500502;250301600502;PAR;4235.2;23400.002666/2008-51
PB;ARACAGI;2500809;250301600809;PAR;123381.79;23400.002641/2008-57
PB;ARARA;2500908;250301200908;PAR;5774.8;23400.002643/2008-46
PB;ARARUNA;2501005;250301301005;PAR;98026.94;23400.002668/2008-40
PB;AROEIRAS;2501302;250301901302;PAR;120278.12;23400.002670/2008-19
PB;ASSUNCAO;2501351;250201001351;PAR;1222;23400.002672/2008-16
PB;BANANEIRAS;2501500;250301501500;PAR;131988.09;23400.002674/2008-05
PB;BARAUNA;2501534;250200901534;PAR;725;23400.002676/2008-96
PB;BARRA DE SANTA ROSA;2501609;250301201609;PAR;90432.09;23400.002678/2008-85
PB;BARRA DE SAO MIGUEL;2501708;250201101708;PAR;27267.38;23400.002642/2008-00
PB;BAYEUX;2501807;250402201807;PAR;335219.61;23400.001796/2008-76
PB;BELEM;2501906;250301601906;PAR;21600;23400.001798/2008-65
PB;BELEM DO BREJO DO CRUZ;2502003;250100102003;PAR;11600;23400.001799/2008-18
PB;BERNARDINO BATISTA;2502052;250100202052;PAR;43692;23400.001797/2008-11
PB;BOM JESUS;2502201;250100202201;PAR;19439.41;23400.001795/2008-21
PB;BOQUEIRAO;2502508;250201102508;PAR;74271.48;23400.001793/2008-32
PB;BREJO DO CRUZ;2502805;250100102805;PAR;54062.01;23400.001791/2008-43
PB;BREJO DOS SANTOS;2502904;250100102904;PAR;3853.4;23400.001789/2008-74
PB;CABACEIRAS;2503100;250201103100;PAR;22745.65;23400.001787/2008-85
PB;CABEDELO;2503209;250402203209;PAR;155787.05;23400.001716/2008-82
PB;CACHOEIRA DOS INDIOS;2503308;250100203308;PAR;48764.9;23400.001785/2008-96
PB;CACIMBA DE AREIA;2503407;250100403407;PAR;3367.2;23400.001783/2008-05
PB;CACIMBAS;2503555;250100703555;PAR;59101.79;23400.001781/2008-16
PB;CAICARA;2503605;250301603605;PAR;5028.2;23400.001779/2008-39
PB;CAJAZEIRAS;2503704;250100203704;PAR;30720;23400.001777/2008-40
PB;CAMPO DE SANTANA;2516409;250301316409;PAR;52441.35;23400.002956/2008-02
PB;CAPIM;2504033;250402004033;PAR;63184;23400.002958/2008-93
PB;CASSERENGUE;2504157;250301304157;PAR;49663.79;23400.002921/2008-65
PB;CATINGUEIRA;2504207;250100504207;PAR;38280;23400.001714/2008-93
PB;CONDADO;2504504;250100304504;PAR;47820.98;23400.002923/2008-54
PB;COREMAS;2504801;250100504801;PAR;9869.17;23400.000430/2008-80
PB;CRUZ DO ESPIRITO SANTO;2504900;250402104900;PAR;70497.94;23400.001735/2008-17
PB;CUITE;2505105;250301205105;PAR;67361.61;23400.001737/2008-06
PB;CUITE DE MAMANGUAPE;2505238;250402005238;PAR;112508;23400.001739/2008-97
PB;CUITEGI;2505204;250301605204;PAR;27067.36;23400.001741/2008-66
PB;DAMIAO;2505352;250301205352;PAR;40618.87;23400.001743/200-55
PB;DESTERRO;2505402;250100705402;PAR;3122.6;23400.001747/2008-33
PB;DUAS ESTRADAS;2505808;250301605808;PAR;24307.79;23400.001749/2008-22
PB;GURINHEM;2506400;250301806400;PAR;79070.13;23400.001751/2008-00
PB;IMACULADA;2506707;250100706707;PAR;1003.2;23400.001753/2008-91
PB;INGA;2506806;250301806806;PAR;89831.79;23400.001755/2008-80
PB;ITAPOROROCA;2507101;250402007101;PAR;83734.33;23400.001757/2008-79
PB;ITATUBA;2507200;250301807200;PAR;8756.8;23400.001759/2008-68
PB;JACARAU;2507309;250402007309;PAR;88987.91;23400.001758/2008-13
PB;JERICO;2507408;250100107408;PAR;7220.2;23400.001756/2008-24
PB;JUAREZ TAVORA;2507606;250301807606;PAR;49619.8;23400.001754/2008-35
PB;JUNCO DO SERIDO;2507804;250200807804;PAR;26978.29;23400.001752/2008-46
PB;JURIPIRANGA;2507903;250402107903;PAR;1707.2;23400.001750/2008-57
PB;LAGOA SECA;2508307;250301708307;PAR;106705.9;23400.001746/2008-99
PB;MAE DAGUA;2508703;250100408703;PAR;22400.45;23400.001744/2008-08
PB;MAMANGUAPE;2508901;250402008901;PAR;156125.97;23400.001742/2008-19
PB;MANAIRA;2509008;250100709008;PAR;4092;23400.001740/2008-11
PB;MARCACAO;2509057;250402009057;PAR;12800;23400.001738/2008-42
PB;MASSARANDUBA;2509206;250301709206;PAR;2464;23400.001736/2008-53
PB;MATARACA;2509305;250402009305;PAR;55370.52;23400.001734/20008-64
PB;MATO GROSSO;2509370;250100109370;PAR;8200.78;23400.001732/2008-75
PB;MATUREIA;2509396;250100709396;PAR;5760;23400.001730/2008-86
PB;MULUNGU;2509800;250301609800;PAR;60751.61;23400.001728/2008-15
PB;NATUBA;2509909;250301909909;PAR;6632.8;23400.001726/2008-18
PB;NAZAREZINHO;2510006;250100310006;PAR;36101.27;23400.001724/2008-29
PB;NOVA FLORESTA;2510105;250301210105;PAR;2506;23400.001722/2008-30
PB;NOVA OLINDA;2510204;250100510204;PAR;46338.2;23400.001720/2008-41
PB;NOVA PALMEIRA;2510303;250200910303;PAR;4158.8;23400.001761/2008-37
PB;OLIVEDOS;2510501;250301210501;PAR;15682.8;23400.001765/2008-15
PB;PATOS;2510808;250100410808;PAR;261232.48;23400.001767/2008-12
PB;PEDRA BRANCA;2511004;250100611004;PAR;24140.55;23400.001769/2008-01
PB;PEDRA LAVRADA;2511103;250200911103;PAR;13245;23400.001771/2008-72
PB;PEDRAS DE FOGO;2511202;250402311202;PAR;176932.79;23400.001773/2008-61
PB;PIANCO;2511301;250100511301;PAR;68164.28;23400.001775/2008-51
PB;PICUI;2511400;250200911400;PAR;5420.6;23400.001794/2008-87
PB;PILAR;2511509;250402111509;PAR;43197.64;23400.001792/2008-98
PB;PILOES;2511608;250301511608;PAR;85404;23400.001790/2008-07
PB;PILOEZINHOS;2511707;250301611707;PAR;30924.64;23400.002577/2008-12
PB;PIRPIRITUBA;2511806;250301611806;PAR;4230.2;23400.002690/2008-90
PB;PITIMBU;2511905;250402311905;PAR;84599;23400.002692/2008-89
PB;POCINHOS;2512002;250301212002;PAR;12608.6;23400.002078/2008-17
PB;POCO DE JOSE DE MOURA;2512077;250100212077;PAR;48756.75;23400.002076/2008-28
PB;PRINCESA ISABEL;2512309;250100712309;PAR;70825.27;23400.002074/2008-39
PB;REMIGIO;2512705;250301212705;PAR;65445.84;23400.002072/2008-40
PB;RIACHAO;2512747;250301312747;PAR;13120;23400.002070/2008-51
PB;RIACHAO DO BACAMARTE;2512754;250301812754;PAR;22536.07;23400.002068/2008-81
PB;RIACHAO DO POCO;2512762;250402112762;PAR;51788;23400.000427/2008-66
PB;RIACHO DOS CAVALOS;2512804;250100112804;PAR;25893.14;23400.002064/2008-01
PB;RIO TINTO;2512903;250402012903;PAR;5574.2;23400.002062/2008-12
PB;SANTA CRUZ;2513208;250100313208;PAR;21498.78;23400.002060/2008-15
PB;SANTA HELENA;2513307;250100213307;PAR;46400;23400.002058/2008-46
PB;SANTA LUZIA;2513406;250200813406;PAR;45409.25;23400.002056/2008-57
PB;SANTA RITA;2513703;250402213703;PAR;644.1;23400.002071/2008-03
PB;SANTA TERESINHA;2513802;250100413802;PAR;18481.59;23400.002069/2008-26
PB;SAO BENTO;2513901;250100113901;PAR;27600;23400.002067/2008-37
PB;SAO JOSE DA LAGOA TAPADA;2514206;250100314206;PAR;37394.88;23400.002065/2008-48
PB;SAO JOSE DE PIRANHAS;2514503;250100214503;PAR;29520;23400.002063/2008-59
PB;SAO JOSE DO BONFIM;2514602;250100414602;PAR;16393.32;23400.002061/2008-60
PB;SAO JOSE DO BREJO DO CRUZ;2514651;250100114651;PAR;2199.2;23400.002059/2008-91
PB;SAO JOSE DO SABUGI;2514701;250200814701;PAR;15790.43;23400.002057/2008-00
PB;SAO JOSE DOS RAMOS;2514453;250402114453;PAR;36171.13;23400.002055/2008-11
PB;SAO SEBASTIAO DO UMBUZEIRO;2515203;250201015203;PAR;2534.7;23400.002053/2008-13
PB;SAPE;2515302;250402115302;PAR;171103.77;23400.002051/2008-24
PB;SERRA REDONDA;2515807;250301715807;PAR;30411.97;23400.002049/2008-55
PB;SERRARIA;2515906;250301515906;PAR;30668.36;23400.002047/2008-66
PB;SOBRADO;2515971;250402115971;PAR;46006.61;23400.002045/2008-77
PB;SOLANEA;2516003;250301316003;PAR;4485.9;23400.002043/2008-88
PB;SOLEDADE;2516102;250301216102;PAR;43693.75;23400.002098/2008-98
PB;SOSSEGO;2516151;250301216151;PAR;22484;23400.002096/2008-07
PB;TEIXEIRA;2516706;250100716706;PAR;77868.23;23400.002094/2008-18
PB;TRIUNFO;2516805;250100216805;PAR;924;23400.002092/2008-11
PB;UIRAUNA;2516904;250100216904;PAR;66886.1;23400.002095/2008-54
PB;UMBUZEIRO;2517001;250301917001;PAR;23600;23400.002090/2008-21
PE;AGUAS BELAS;2600500;260300700500;PAR;325512;23400.002088/2008-52
PE;ALAGOINHA;2600609;260300800609;PAR;125061.66;23400.002086/2008-63
PE;ALIANCA;2600708;260401300708;PAR;4626;23400.002084/2008-74
PE;ARACOIABA;2601052;260501601052;PAR;176019.6;23400.002082/2008-85
PE;ARARIPINA;2601102;260100101102;PAR;5722.2;23400.002080/2008-96
PE;BARRA DE GUABIRABA;2601300;260301201300;PAR;111043.23;23400.002079/2008-61
PE;BARREIROS;2601409;260401501409;PAR;2850.3;23400.002077/2008-72
PE;BELEM DE SAO FRANCISCO;2601607;260200601607;PAR;217976.7;23400.002075/2008-83
PE;BETANIA;2601805;260100401805;PAR;21600;23400.002073/2008-94
PE;BOM CONSELHO;2602100;260301102100;PAR;398618.21;23400.002118/2008-21
PE;BOM JARDIM;2602209;260301002209;PAR;82640;23400.002116/2008-31
PE;BONITO;2602308;260301202308;PAR;429751.15;23400.002114/2008-42
PE;BREJAO;2602407;260301102407;PAR;20924.7;23400.000411/2008-53
PE;BREJO DA MADRE DE DEUS;2602605;260300802605;PAR;471075.78;23400.002112/2008-53
PE;BUENOS AIRES;2602704;260401302704;PAR;12355.2;23400.002110/2008-64
PE;CABROBO;2603009;260200503009;PAR;156349.4;23400.002108/2008-95
PE;CALUMBI;2603405;260100303405;PAR;74255.56;23400.002106/2008-04
PE;CAMOCIM DE SAO FELIX;2603504;260301203504;PAR;4884;23400.002104/2008-15
PE;CARNAUBEIRA DA PENHA;2603926;260200603926;PAR;121986.82;23400.002102/2008-18
PE;CONDADO;2604601;260401304601;PAR;188713.27;23400.002100/2008-29
PE;CUPIRA;2605004;260301205004;PAR;299477.44;23400.002101/2008-73
PE;ESCADA;2605202;260401505202;PAR;573473.66;23400.002099/2008-32
PE;EXU;2605301;260100105301;PAR;44500.8;23400.002097/2008-43
PE;GAMELEIRA;2605905;260401505905;PAR;219234.57;23400.001356/2008-19
PE;GLORIA DO GOITA;2606101;260401406101;PAR;240501.5;23400.001358/2008-16
PE;IATI;2606507;260301106507;PAR;247365.41;23400.001323/2008-79
PE;INAJA;2607000;260100407000;PAR;161908.07;23400.001325/2008-68
PE;IPUBI;2607307;260100107307;PAR;295160.21;23400.001321/2008-80
PE;ITAIBA;2607505;260300707505;PAR;290884;23400.001333/2008-12
PE;ITAMBE;2607653;260401307653;PAR;293062.99;23400.001327/2008-57
PE;JAQUEIRA;2607950;260401507950;PAR;124507.4;23400.001331/2008-15
PE;JATAUBA;2608008;260300808008;PAR;30531.6;23400.001329/2008-46
PE;JOAO ALFREDO;2608107;260301008107;PAR;265361.34;23400.001339/2008-81
PE;JUCATI;2608255;260301108255;PAR;145900.6;23400.001337/2008-92
PE;JUPI;2608305;260301108305;PAR;8264.4;23400.001335/2008-01
PE;JUREMA;2608404;260301108404;PAR;166447.96;23400.001347/2008-28
PE;LAGOA DO ITAENGA;2608503;260401308503;PAR;229557.4;23400.001345/2008-39
PE;LAGOA DO OURO;2608602;260301108602;PAR;20377.8;23400.001343/2008-40
PE;LAGOA DOS GATOS;2608701;260301208701;PAR;34101.6;23400.001341/2008-51
PE;LAGOA GRANDE;2608750;260200508750;PAR;227500.43;23400.001353/2008-85
PE;LAJEDO;2608800;260301108800;PAR;11741.7;23400.001351/2008-96
PE;MACHADOS;2609105;260301009105;PAR;81717.18;23400.001349/2008-17
PE;MIRANDIBA;2609303;260100209303;PAR;111799.78;23400.001359/2008-52
PE;OURICURI;2609907;260100109907;PAR;544016;23400.001357/2008-63
PE;PALMEIRINA;2610103;260301110103;PAR;106618.72;23400.001355/2008-74
PE;PARNAMIRIM;2610400;260100210400;PAR;176304.51;23400.000245/2008-95
PE;PAUDALHO;2610608;260401310608;PAR;488632.55;23400.000243/2008-04
PE;PRIMAVERA;2611408;260401511408;PAR;124352.67;23400.000241/2008-15
PE;RIACHO DAS ALMAS;2611705;260300811705;PAR;186793.31;23400.000251/2008-42
PE;SALGADINHO;2612109;260301012109;PAR;95597.65;23400.000249/2008-73
PE;SANTA MARIA DA BOA VISTA;2612604;260200512604;PAR;551545.9;23400.000247/2008-84
PE;SAO BENEDITO DO SUL;2612901;260401512901;PAR;115625.2;23400.000425/2008-77
PE;SAO BENTO DO UNA;2613008;260300813008;PAR;18467.1;23400.000255/2008-21
PE;SAO CAITANO;2613107;260300813107;PAR;270110.93;23400.000253/2008-31
PE;SAO JOAO;2613206;260301113206;PAR;13502.4;23400.003094/2008-27
PE;SERRITA;2614006;260100214006;PAR;241129.49;23400.003092/2008-38
PE;SOLIDAO;2614402;260100314402;PAR;72933.4;23400.003090/2008-49
PE;TACAIMBO;2614709;260300814709;PAR;110886.64;23400.003088/2008-70
PE;TEREZINHA;2615102;260301115102;PAR;88401.75;23400.003086/2008-81
PE;TORITAMA;2615409;260300915409;PAR;173049.82;23400.003084/2008-91
PE;TUPANATINGA;2615805;260300715805;PAR;19693.2;23400.003082/2008-01
PE;VENTUROSA;2616001;260300716001;PAR;79213.16;23400.003080/2008-11
PE;VERTENTES;2616209;260300916209;PAR;127161.75;23400.001500/2008-17
PE;VICENCIA;2616308;260401316308;PAR;2728;23400.001498/2008-86
PE;XEXEU;2616506;260401516506;PAR;11120.4;23400.001496/2008-97
PI;AGUA BRANCA;2200202;220200500202;PAR;15680;23400.001710/2008-13
PI;AGRICOLANDIA;2200103;220200500103;PAR;20091.43;23400.001494/2008-06
PI;ALTO LONGA;2200301;220200400301;PAR;46512.56;23400.001490/2008-10
PI;ALTOS;2200400;220200300400;PAR;40000;23400.001492/2008-17
PI;ALVORADA DO GURGUEIA;2200459;220301000459;PAR;667;23400.001488/2008-41
PI;ANISIO DE ABREU;2200707;220301100707;PAR;39004.18;23400.001486/2008-51
PI;ARRAIAL;2201002;220200501002;PAR;28211.84;23400.001484/2008-62
PI;ASSUNCAO DO PIAUI;2201051;220200401051;PAR;46240;23400.001482/2008-73
PI;AVELINO LOPES;2201101;220301201101;PAR;45861.57;23400.001480/2008-84
PI;BARREIRAS DO PIAUI;2201309;220301001309;PAR;18333.28;23400.001559/2008-13
PI;BARRO DURO;2201408;220200501408;PAR;2520;23400.001557/2008-16
PI;BERTOLINIA;2201705;220300801705;PAR;20533.57;23400.001555/2008-27
PI;BETANIA DO PIAUI;2201739;220401501739;PAR;10380;23400.001553/2008-38
PI;BOA HORA;2201770;220100101770;PAR;46094.7;23400.001551/2008-49
PI;BONFIM DO PIAUI;2201929;220301101929;PAR;30206.39;23400.001549/2008-70
PI;BRASILEIRA;2201960;220100101960;PAR;11747.38;23400.001547/2008-81
PI;CABECEIRAS DO PIAUI;2202059;220100102059;PAR;51584.19;23400.001545/2008-91
PI;CAMPO LARGO DO PIAUI;2202174;220100102174;PAR;41265.54;23400.001543/2008-01
PI;CAPITAO DE CAMPOS;2202406;220200402406;PAR;51049.01;23400.001478/2008-13
PI;CARIDADE DO PIAUI;2202554;220401502554;PAR;30447.79;23400.001476/2008-16
PI;COCAL;2202703;220100202703;PAR;102315.29;23400.001474/2008-27
PI;COLONIA DO GURGUEIA;2202752;220300802752;PAR;5392.24;23400.001472/2008-38
PI;CRISTALANDIA DO PIAUI;2203008;220301203008;PAR;36504.62;23400.001470/2008-49
PI;CURRAL NOVO DO PIAUI;2203271;220401503271;PAR;31262.14;23400.001468/2008-70
PI;CURRALINHOS;2203255;220200303255;PAR;23310.8;23400.001466/2008-81
PI;DEMERVAL LOBAO;2203305;220200303305;PAR;13230;23400.001464/2008-91
PI;DIRCEU ARCOVERDE;2203354;220301103354;PAR;33407.13;23400.001462/2008-01
PI;ELISEU MARTINS;2203602;220300803602;PAR;15909.8;23400.001460/2008-11
PI;ESPERANTINA;2203701;220100103701;PAR;16140.3;23400.001458/2008-34
PI;FARTURA DO PIAUI;2203750;220301103750;PAR;33420.42;23400.001454/2008-56
PI;FRONTEIRAS;2204303;220401504303;PAR;12436.2;23400.001452/2008-67
PI;GUARIBAS;2204550;220301104550;PAR;38784.68;23400.001450/2008-78
PI;HUGO NAPOLEAO;2204600;220200504600;PAR;30600;23400.001448/2008-07
PI;ILHA GRANDE;2204659;220100204659;PAR;44929.48;23400.001446/2008-18
PI;JACOBINA DO PIAUI;2205151;220401505151;PAR;31000.26;23400.001444/2008-11
PI;JOAQUIM PIRES;2205409;220100105409;PAR;41379.49;23400.001442/2008-21
PI;JOSE DE FREITAS;2205508;220200305508;PAR;40000;23400.001440/2008-32
PI;JULIO BORGES;2205524;220301205524;PAR;32800.54;23400.001519/2008-63
PI;LAGOA ALEGRE;2205557;220200305557;PAR;50194.66;23400.001517/2008-74
PI;LAGOA DE SAO FRANCISCO;2205573;220200405573;PAR;7329.9;23400.001515/2008-85
PI;LAGOA DO BARRO DO PIAUI;2205565;220401505565;PAR;25492.8;23400.001513/2008-96
PI;LAGOA DO SITIO;2205599;220200605599;PAR;52404;23400.001511/2008-05
PI;LUZILANDIA;2205805;220100105805;PAR;171759.29;23400.001509/2008-28
PI;MADEIRO;2205854;220100105854;PAR;5280;23400.001507/2008-39
PI;MANOEL EMIDIO;2205904;220300805904;PAR;6060;23400.001505/2008-40 
PI;MARCOLANDIA;2205953;220401505953;PAR;110440;23400.001503/2008-51
PI;MATIAS OLIMPIO;2206100;220100106100;PAR;44973.14;23400.001501/2008-61
PI;MIGUEL ALVES;2206209;220100106209;PAR;27750;23400.001786/2008-31
PI;MILTON BRANDAO;2206357;220200406357;PAR;47148.68;23400.001499/2008-21
PI;MONTE ALEGRE DO PIAUI;2206605;220301006605;PAR;61488.67;23400.001497/2008-31
PI;NOSSA SENHORA DE NAZARE;2206753;220200406753;PAR;1609.5;23400.001495/2008-42
PI;NOVA SANTA RITA;2207959;220401507959;PAR;25989.1;23400.001493/2008-53
PI;NOVO ORIENTE DO PIAUI;2206902;220200606902;PAR;42000;23400.001491/2008-64
PI;PAES LANDIM;2207306;220401507306;PAR;19518.96;23400.001489/2008-95
PI;PARNAGUA;2207603;220301207603;PAR;54392.31;23400.001487/2008-04
PI;PASSAGEM FRANCA DO PIAUI;2207751;220200507751;PAR;19906.94;23400.001485/2008-15
PI;PATOS DO PIAUI;2207777;220401507777;PAR;30640;23400.001483/2008-18
PI;PAULISTANA;2207801;220401507801;PAR;13987.2;23400.001712/2008-02
PI;PEDRO II;2207900;220200407900;PAR;184549.92;23400.001481/2008-29
PI;PICOS;2208007;220401308007;PAR;154784.47;23400.001518/2008-19
PI;PIMENTEIRAS;2208106;220200608106;PAR;27800;23400.001516/2008-20
PI;PORTO;2208502;220100108502;PAR;73221.03;23400.001514/2008-31
PI;PORTO ALEGRE DO PIAUI;2208551;220300808551;PAR;4536;23400.001512/2008-41
PI;REDENCAO DO GURGUEIA;2208700;220301008700;PAR;44580.66;23400.001510/2008-52
PI;REGENERACAO;2208809;220200508809;PAR;8010;23400.001508/2008-83
PI;RIACHO FRIO;2208858;220301208858;PAR;38398.1;23400.001506/2008-94
PI;RIO GRANDE DO PIAUI;2209005;220300909005;PAR;23179.15;23400.001788/2008-20
PI;SANTA CRUZ DO PIAUI;2209104;220401309104;PAR;22630.58;23400.001504/2008-03
PI;SANTA LUZ;2209302;220301009302;PAR;21595.65;23400.001502/2008-14
PI;SAO FRANCISCO DE ASSIS DO PIAUI;2209658;220401509658;PAR;29497.44;23400.001763/2008-26
PI;SAO GONCALO DO GURGUEIA;2209757;220301009757;PAR;17924.92;23400.001748/2008-88
PI;SAO GONCALO DO PIAUI;2209807;220200509807;PAR;3960;23400.000432/2008-79
PI;SAO JOAO DA CANABRAVA;2209856;220401309856;PAR;26798.9;23400.001745/2008-44
PI;SAO JOAO DA FRONTEIRA;2209872;220100209872;PAR;36448.22;23400.001456/2008-45
PI;SAO JOAO DA VARJOTA;2209955;220401309955;PAR;23299.08;23400.001784/2008-41
PI;SAO JOAO DO ARRAIAL;2209971;220100109971;PAR;14323.2;23400.001782/2008-52
PI;SAO JOAO DO PIAUI;2210003;220401510003;PAR;61099.12;23400.001780/2008-63
PI;SAO JOSE DO PIAUI;2210201;220401310201;PAR;26354.21;23400.001439/2008-16
PI;SAO JULIAO;2210300;220401410300;PAR;20592;23400.001778/2008-94
PI;SAO MIGUEL DO TAPUIO;2210409;220200410409;PAR;89102.09;23400.001541/2008-11
PI;SAO PEDRO DO PIAUI;2210508;220200510508;PAR;39375;23400.001539/2008-34
PI;SAO RAIMUNDO NONATO;2210607;220301110607;PAR;88997.61;23400.001537/2008-45
PI;SEBASTIAO LEAL;2210631;220300810631;PAR;20106.81;23400.001535/2008-56
PI;SIGEFREDO PACHECO;2210656;220200410656;PAR;12120;23400.001533/2008-67
PI;SIMPLICIO MENDES;2210805;220401510805;PAR;108856;23400.001531/2008-78
PI;SUSSUAPARA;2210938;220401510938;PAR;5676;23400.001529/2008-07
PI;TAMBORIL DO PIAUI;2210953;220301110953;PAR;16792.55;23400.001527/2008-18
PI;UNIAO;2211100;220200311100;PAR;11404.8;23400.001525/2008-11
PI;VALENCA DO PIAUI;2211308;220200611308;PAR;74843.46;23400.001523/2008-21
PI;VARZEA BRANCA;2211357;220301111357;PAR;47040;23400.001521/2008-32
PI;VARZEA GRANDE;2211407;220200611407;PAR;22338;23400.001558/2008-61
PR;CANTAGALO;4104451;410802904451;PAR;;23400.001704/2008-58
PR;CORONEL DOMINGOS SOARES;4106456;410803006456;PAR;134413.5;23400.001556/2008-71
PR;DOUTOR ULYSSES;4128633;411003528633;PAR;86746.27;23400.001554/2008-82
PR;FERNANDES PINHEIRO;4107736;410903107736;PAR;97525.86;23400.001552/2008-93
PR;GUARAQUECABA;4109500;411003809500;PAR;127961.92;23400.001550/2008-02
PR;ITAPERUCU;4111258;411003711258;PAR;320691.67;23400.001548/2008-25
PR;IVATE;4111555;410100211555;PAR;97864.95;23400.001546/2008-36
PR;JACAREZINHO;4111803;410401611803;PAR;182248;23400.001544/2008-47
PR;LARANJAL;4113254;410802813254;PAR;118394.37;23400.001432/2008-96
PR;LOANDA;4113502;410100113502;PAR;209021.18;23400.001542/2008-58                                                                               
PR;MAUA DA SERRA;4115754;410301015754;PAR;125531.15;23400.001540/2008-69
PR;MARILUZ;4115101;410100215101;PAR;17072;23400.001706/2008-47
PR;NOVA AMERICA DA COLINA;4116604;410401516604;PAR;43567.35;23400.001538/2008-90
PR;PALMAS;4117602;410803017602;PAR;;23400.001708/2008-36
PR;RAMILANDIA;4121257;410602421257;PAR;69813.32;23400.001536/2008-09
PR;RESERVA DO IGUACU;4121752;410802921752;PAR;161503.99;23400.002596/2008-31
PR;SANTA AMELIA;4123105;410401523105;PAR;66423.22;23400.002561/2008-00
PR;SANTA MARIA DO OESTE;4123857;410802823857;PAR;177200.21;23400.002563/2008-91
PR;SANTANA DO ITARARE;4124004;410401824004;PAR;65090.04;23400.002565/2008-80
PR;SANTO INACIO;4124509;410300624509;PAR;67232.55;23400.002604/2008-49
PR;SAO JERONIMO DA SERRA;4124707;410401424707;PAR;188071.15;23400.002606/2008-38
PR;SAO JOAO DO CAIUA;4124905;410100124905;PAR;104984.02;23400.002608/2008-27
PR;TUNAS DO PARANA;4127882;411003727882;PAR;124911.86;23400.002610/20008-04
RJ;BELFORD ROXO;3300456;330601800456;PAR;46068.8;23400.001702/2008-69
RJ;CAMPOS DOS GOYTACAZES;3301009;330200301009;PAR;7408268.4;23400.002612/2008-95
RJ;CANTAGALO;3301108;330300601108;PAR;38629.8;23400.000434/2008-68
RJ;CARAPEBUS;3300936;330200400936;PAR;28687.81;23400.002614/2008-84
RJ;CARDOSO MOREIRA;3301157;330200301157;PAR;7518.9;23400.002616/2008-73
RJ;DUQUE DE CAXIAS;3301702;330601801702;PAR;43296;23400.000436/2008-57
RJ;GUAPIMIRIM;3301850;330601801850;PAR;1415044.83;23400.002618/2008-62
RJ;ITAGUAI;3302007;330601702007;PAR;72059.4;23400.002620/2008-31
RJ;ITATIAIA;3302254;330501102254;PAR;212616.36;23400.002622/2008-21
RJ;JAPERI;3302270;330601802270;PAR;2872540.15;23400.002624/2008-10
RJ;MAGE;3302502;330601802502;PAR;6554310.18;23400.002626/2008-17
RJ;NILOPOLIS;3303203;330601803203;PAR;2554671.62;23400.002628/2008-06
RJ;PARACAMBI;3303609;330601403609;PAR;1117932.21;23400.002630/2008-77
RJ;PATY DO ALFERES;3303856;330601403856;PAR;580498.88;23400.002632/2008-66
RJ;QUISSAMA;3304151;330200404151;PAR;699305.86;23400.002636/2008-44
RJ;RIO DAS FLORES;3304508;330501204508;PAR;277962.73;23400.002634/2008-55
RJ;SAO JOAO DA BARRA;3305000;330200305000;PAR;764287.19;23400.002638/2008-33
RJ;SAQUAREMA;3305505;330401005505;PAR;2136518;23400.002859/2008-10
RJ;SEROPEDICA;3305554;330601705554;PAR;3605.1;23400.002861/2008-81
RJ;TANGUA;3305752;330601805752;PAR;2341.5;23400.002863/2008-70
RN;ACU;2400208;240100400208;PAR;;23400.001700/2008-70
RN;AFONSO BEZERRA;2400307;240200900307;PAR;90480.37;23400.002598/2008-20
RN;ALEXANDRIA;2400505;240100600505;PAR;150000;23400.001409/2008-00
RN;ALTO DO RODRIGUES;2400703;240100400703;PAR;97390.12;23400.001407/2008-11
RN;ANGICOS;2400802;240200900802;PAR;7350;23400.001405/2008-13
RN;ANTONIO MARTINS;2400901;240100700901;PAR;64809.69;23400.000409/2008-84
RN;AREZ;2401206;240401901206;PAR;143844.33;23400.001403/2008-24
RN;BARAUNA;2401453;240100101453;PAR;;23400.001692/2008-61
RN;BARCELONA;2401503;240301401503;PAR;36363.55;23400.001401/2008-35
RN;BENTO FERNANDES;2401602;240301301602;PAR;8110.2;23400.001438/2008-63
RN;BODO;2401651;240201001651;PAR;2059.2;23400.001436/2008-74
RN;BOM JESUS;2401701;240301501701;PAR;;23400.001694/2008-51
RN;BREJINHO;2401800;240301501800;PAR;88774.13;23400.001434/2008-85
RN;CANGUARETAMA;2402204;240401902204;PAR;;23400.000438/2008-46
RN;CARAUBAS;2402303;240100202303;PAR;138400.99;23400.001378/2008-89
RN;CEARA-MIRIM;2402600;240401702600;PAR;506546.02;23400.001380/2008-58
RN;ENCANTO;2403301;240100503301;PAR;61312.47;23400.001382/2008-47
RN;FELIPE GUERRA;2403707;240100203707;PAR;55798.67;23400.001384/2008-36
RN;FERNANDO PEDROZA;2403756;240200903756;PAR;6300;23400.001386/2008-25
RN;FLORANIA;2403806;240201003806;PAR;9660;23400.001388/2008-14
RN;FRANCISCO DANTAS;2403905;240100603905;PAR;21504.52;23400.001390/20008-93
RN;FRUTUOSO GOMES;2404002;240100704002;PAR;12600;23400.001392/2008-82
RN;GOIANINHA;2404200;240401904200;PAR;679.8;23400.001394/2008-71
RN;GROSSOS;2404408;240100104408;PAR;64270.75;23400.001396/2008-61
RN;GUAMARE;2404507;240200804507;PAR;0;23400.001398/2008-50
RN;ITAJA;2404853;240100404853;PAR;63813.24;23400.001361/2008-21
RN;JACANA;2405009;240301405009;PAR;59259.45;23400.001363/2008-11
RN;JANDAIRA;2405108;240301305108;PAR;7950;23400.001365/2008-18
RN;JANDUIS;2405207;240100305207;PAR;47787.83;23400.001367/2008-07
RN;JAPI;2405405;240301405405;PAR;13410;23400.001369/2008-98
RN;JARDIM DE PIRANHAS;2405603;240201105603;PAR;97565.16;23400.001371/2008-67
RN;JOAO CAMARA;2405801;240301305801;PAR;244708.22;23400.001373/2008-56
RN;JOAO DIAS;2405900;240100705900;PAR;10200;23400.001375/2008-45
RN;JOSE DA PENHA;2406007;240100606007;PAR;60710.17;23400.001377/2008-34
RN;JUCURUTU;2406106;240100406106;PAR;28440;23400.001379/2008-23
RN;JUNDIA;2406155;240301506155;PAR;42489.75;23400.001302/2008-53
RN;LAGOA DANTA;2406205;240301506205;PAR;13800;23400.001304/2008-42
RN;LAGOA DE PEDRAS;2406304;240301506304;PAR;68359.71;23400.001306/2008-31
RN;LAGOA NOVA;2406502;240201006502;PAR;128950.79;23400.001308/2008-21
RN;LAGOA SALGADA;2406601;240301506601;PAR;10675;23400.001310/2008-08
RN;LAJES;2406700;240200906700;PAR;87987.93;23400.001312/2008-99
RN;LUIS GOMES;2407005;240100507005;PAR;142972.86;23400.001314/2008-88
RN;MACAU;2407203;240200807203;PAR;177346.84;23400.001316/2008-77
RN;MACAIBA;2407104;240401707104;PAR;;23400.001690/2008-72
RN;MARCELINO VIEIRA;2407302;240100607302;PAR;63612.94;23400.001318/2008-66
RN;MARTINS;2407401;240100707401;PAR;1131;23400.001281/2008-76
RN;MAXARANGUAPE;2407500;240401607500;PAR;109302.48;23400.001283/2008-65
RN;MONTANHAS;2407708;240401907708;PAR;7200;23400.001285/2008-54
RN;MONTE ALEGRE;2407807;240301507807;PAR;149975.71;23400.001287/2008-43
RN;MONTE DAS GAMELEIRAS;2407906;240301407906;PAR;5280;23400.001289/2008-32
RN;NISIA FLORESTA;2408201;240401708201;PAR;160981.35;23400.001291/2008-10
RN;NOVA CRUZ;2408300;240301508300;PAR;32250;23400.001293/2008-09
RN;OLHO DAGUA DO BORGES;2408409;240100708409;PAR;9870;23400.001295/2008-90
RN;PARAU;2408706;240100308706;PAR;34259.8;23400.001297/2008-89
RN;PARAZINHO;2408805;240301308805;PAR;7680;23400.001299/2008-78
RN;PASSAGEM;2409209;240301509209;PAR;30137.66;23400.001301/2008-17
RN;PEDRA GRANDE;2409506;240401609506;PAR;319;23400.001303/2008-06
RN;PEDRO AVELINO;2409704;240200909704;PAR;63477.45;23400.001305/2008-97
RN;PEDRO VELHO;2409803;240401909803;PAR;5942.2;23400.001307/2008-86
RN;PENDENCIAS;2409902;240100409902;PAR;110069.86;23400.001309/2008-75
RN;POCO BRANCO;2410108;240301310108;PAR;85661.09;23400.001311/2008-44
RN;PUREZA;2410405;240401610405;PAR;90381.52;23400.001315/2008-22
RN;RAFAEL FERNANDES;2410504;240100610504;PAR;2541.6;23400.001313/2008-33
RN;RIACHUELO;2410900;240301510900;PAR;63442.67;23400.001317/2008-11
RN;RIO DO FOGO;2408953;240401608953;PAR;422.4;23400.001319/2008-19
RN;RODOLFO FERNANDES;2411007;240100611007;PAR;;23400.001698/2008-39
RN;RUY BARBOSA;2411106;240301411106;PAR;4200;23400.001320/2008-35
RN;SANTA CRUZ;2411205;240301411205;PAR;127805.86;23400.001322/2008-24
RN;SANTANA DO MATOS;2411403;240201011403;PAR;100000;23400.001324/2008-13
RN;SANTO ANTONIO;2411502;240301511502;PAR;109262.23;23400.001326/2008-11
RN;SAO BENTO DO TRAIRI;2411700;240301411700;PAR;47718.09;23400.001328/2008-00
RN;SAO FRANCISCO DO OESTE;2411908;240100611908;PAR;24286.96;23400.001330/2008-71
RN;SAO GONCALO DO AMARANTE;2412005;240401712005;PAR;3329.2;23400.001332/2008-60
RN;SAO JOAO DO SABUGI;2412104;240201112104;PAR;10800;23400.001334/2008-59
RN;SAO JOSE DE MIPIBU;2412203;240401712203;PAR;329109.79;23400.001336/2008-48
RN;SAO JOSE DO CAMPESTRE;2412302;240301412302;PAR;28621.97;23400.001338/2008-37
RN;SAO MIGUEL;2412500;240100512500;PAR;;23400.000401/2008-18
RN;SAO MIGUEL DE TOUROS;2412559;240401612559;PAR;128878.45;23400.001340/2008-14
RN;SAO PEDRO;2412708;240301512708;PAR;48824.12;23400.001342/2008-03
RN;SAO RAFAEL;2412807;240100412807;PAR;9420;23400.001344/2008-94
RN;SAO TOME;2412906;240301412906;PAR;95885.01;23400.001346/2008-83
RN;SAO VICENTE;2413003;240201013003;PAR;12034.58;23400.001348/2008-72
RN;SENADOR ELOI DE SOUZA;2413102;240301513102;PAR;3845.8;23400.001350/2008-41
RN;SENADOR GEORGINO AVELINO;2413201;240401913201;PAR;3608;23400.001352/2008-31
RN;SERRA NEGRA DO NORTE;2413409;240201113409;PAR;4936.2;23400.001354/2008-20
RN;SERRINHA DOS PINTOS;2413557;240100713557;PAR;32322.82;23400.001411/2008-71
RN;SEVERIANO MELO;2413607;240100613607;PAR;6480;23400.001413/2008-60
RN;TAIPU;2413904;240401613904;PAR;93203.02;23400.001415/2008-59
RN;TENENTE ANANIAS;2414100;240100614100;PAR;;23400.001696/2008-40
RN;TIBAU;2411056;240100111056;PAR;26677.15;23400.001417/2008-48
RN;TIBAU DO SUL;2414209;240401914209;PAR;658.8;23400.001419/200/-37
RN;TOUROS;2414407;240401614407;PAR;285705.38;23400.001421/2008-14
RN;TRIUNFO POTIGUAR;2414456;240100314456;PAR;5040;23400.001423/2008-03
RN;UMARIZAL;2414506;240100714506;PAR;75646.8;23400.001425/2008-94
RN;UPANEMA;2414605;240100314605;PAR;19260;23400.001427/2008-83
RN;VARZEA;2414704;240301514704;PAR;48931.01;23400.001429/2008-72
RN;VENHA-VER;2414753;240100514753;PAR;11250;23400.001431/2008-41
RN;VERA CRUZ;2414803;240301514803;PAR;99705.75;23400.001433/2008-31
RN;VICOSA;2414902;240100614902;PAR;900;23400.001435/2008-20
RN;VILA FLOR;2415008;240401915008;PAR;27723.87;23400.001437/2008-19
RO;BURITIS;1100452;110100100452;PAR;158777;23400.002619/2008-15
RO;CAMPO NOVO DE RONDONIA;1100700;110100100700;PAR;65552.68;23400.002617/2008-18
RO;CANDEIAS DO JAMARI;1100809;110100100809;PAR;7891.2;23400.002615/2008-29
RO;COSTA MARQUES;1100080;110100200080;PAR;66712.51;23400.002613/2008-30
RO;CUJUBIM;1100940;110100100940;PAR;3270;23400.002611/2008-41
RO;GOVERNADOR JORGE TEIXEIRA;1101005;110200401005;PAR;71052.17;23400.002609/2008-71
RO;GUAJARA-MIRIM;1100106;110100200106;PAR;5683.8;23400.002607/2008-82
RO;ITAPUA DO OESTE;1101104;110100101104;PAR;60765.34;23400.002605/2008-93
RO;JARU;1100114;110200400114;PAR;7710;23400.002483/2008-35
RO;MACHADINHO DOESTE;1100130;110200300130;PAR;230400;23400.002481/2008-46
RO;MIRANTE DA SERRA;1101302;110200401302;PAR;44631.51;23400.002518/2008-36
RO;MONTE NEGRO;1101401;110200301401;PAR;88420.65;23400.002516/2008-47
RO;NOVA MAMORE;1100338;110100100338;PAR;102027.66;23400.002514/2008-58
RO;NOVA UNIAO;1101435;110200401435;PAR;906.3;23400.002512/2008-69
RO;OURO PRETO DO OESTE;1100155;110200400155;PAR;144102.34;23400.002510/2008-70
RO;PIMENTEIRAS DO OESTE;1101468;110200801468;PAR;10338.28;23400.002508/2008-09
RO;PRESIDENTE MEDICI;1100254;110200400254;PAR;66878.77;23400.002506/2008-10
RO;RIO CRESPO;1100262;110200300262;PAR;22932.4;23400.002504/2008-12
RO;SAO FRANCISCO DO GUAPORE;1101492;110100201492;PAR;88023.41;23400.002502/2008-23
RO;TEIXEIROPOLIS;1101559;110200401559;PAR;30060.8;23400.002500/2008-34
RR;ALTO ALEGRE;1400050;140100100050;PAR;38860.8;23400.002637/2008-99
RR;BONFIM;1400159;140100200159;PAR;40034.36;23400.002635/2008-08
RR;CARACARAI;1400209;140200300209;PAR;62865.79;23400.002633/2008-19
RR;MUCAJAI;1400308;140200300308;PAR;31370.42;23400.002631/200811
RR;NORMANDIA;1400407;140100200407;PAR;397.32;23400.002629/2008-42
RR;PACARAIMA;1400456;140100100456;PAR;26648.14;23400.002627/2008-53
RR;RORAINOPOLIS;1400472;140200400472;PAR;959.2;23400.002625/2008-64
RR;SAO JOAO DA BALIZA;1400506;140200400506;PAR;33880;23400.002623/2008-75
RR;SAO LUIZ;1400605;140200400605;PAR;14268.41;23400.002621/2008-86
RS;ALEGRETE;4300406;430602900406;PAR;858773.96;23400.002466/2008-06
RS;ARVOREZINHA;4301404;430201401404;PAR;125135.83;23400.002464/2008-17
RS;ARROIO GRANDE;4301305;430703401305;PAR;;23400.001688/2008-01
RS;BOA VISTA DAS MISSOES;4302154;430100902154;PAR;39640.92;23400.002462/2008-10
RS;BUTIA;4302709;430502502709;PAR;335309.77;23400.002460/2008-21
RS;CACEQUI;4302907;430301802907;PAR;;23400.001682/2008-26
RS;CAMPINAS DO SUL;4303806;430100403806;PAR;48023.32;23400.002458/2008-51
RS;CAPAO DO LEAO;4304663;430703304663;PAR;28375.4;23400.002640/2008-11
RS;CASEIROS;4304952;430101004952;PAR;43922.48;23400.002639/2008-88
RS;CHUI;4305439;430703505439;PAR;2544.08;23400.001534/2008-10
RS;CORONEL BICACO;4305900;430100805900;PAR;133432.42;23400.001430/2008-05
RS;GIRUA;4309001;430100709001;PAR;195310.48;23400.001428/2008-28
RS;HERVAL;4307104;430703407104;PAR;98236.04;23400.001426/2008-39
RS;JAGUARAO;4311007;430703411007;PAR;370307.77;23400.001410/2008-26
RS;JULIO DE CASTILHOS;4311205;430301711205;PAR;;23400.001686/2008-12
RS;PAIM FILHO;4313607;430100513607;PAR;58357.15;23400.001463/2008-47
RS;PEDRO OSORIO;4314209;430703314209;PAR;101851.72;23400.001424/2008-40
RS;PINHEIRO MACHADO;4314506;430703214506;PAR;239615.07;23400.001422/2008-51
RS;RIO GRANDE;4315602;430703515602;PAR;2570537.9;23400.001420/2008-61
RS;SAO FRANCISCO DE PAULA;4318200;430201518200;PAR;148496.9;23400.001418/2008-92
RS;SAO GABRIEL;4318309;430603018309;PAR;780871.96;23400.001684/2008-15;QUOTA;780871.96;;;RS;SAO GABRIEL;4318309;430603018309;QUOTA;780871.96;;;RS;SAO GABRIEL;4318309;430603018309;QUOTA;780871.96;;;RS;SAO GABRIEL;4318309;430603018309;QUOTA;780871.96;;;RS;SAO GABRIEL;4318309;430603018309;QUOTA;780871.96;;;RS;SAO GABRIEL;4318309;430603018309;QUOTA;780871.96;;;RS;SAO GABRIEL;4318309;430603018309;QUOTA;780871.96;;;RS;SAO GABRIEL;4318309;430603018309;QUOTA;780871.96;;;RS;SAO GABRIEL;4318309;430603018309;QUOTA;780871.96;;;RS;SAO GABRIEL;4318309;430603018309;QUOTA;780871.96;;;RS;SAO GABRIEL;4318309;430603018309;QUOTA;780871.96;;;RS;SAO GABRIEL;4318309;430603018309;QUOTA;780871.96;;;RS;SAO GABRIEL;4318309;430603018309;QUOTA;780871.96
RS;SAO JOSE DO NORTE;4318507;430703518507;PAR;369032.65;23400.001416/2008-01
RS;SAO PEDRO DO SUL;4319406;430301819406;PAR;62480;23400.001414/2008-12
RS;VICENTE DUTRA;4323101;430100323101;PAR;75799.15;23400.001412/2008-15
SC;AGROLANDIA;4200200;420401400200;PAR;3872;23400.001461/2008-58
SC;ANITA GARIBALDI;4201000;420301001000;PAR;179829.82;23400.001459/2008-89
SC;CALMON;4203154;420100403154;PAR;;23400.001680/2008-37
SC;CAXAMBU DO SUL;4204103;420100204103;PAR;71859.22;23400.001457/2008-90
SC;CORONEL MARTINS;4204459;420100304459;PAR;37940.35;23400.001455/2008-09
SC;DIONISIO CERQUEIRA;4205001;420100105001;PAR;;23400.001719/2008-16
SC;ENTRE RIOS;4205175;420100305175;PAR;48824.64;23400.001453/2008-10
SC;FORMOSA DO SUL;4205431;420100205431;PAR;40488.74;23400.001451/2008-12
SC;FRAIBURGO;4205506;420100405506;PAR;767079.81;23400.001449/2008-43
SC;GALVAO;4205605;420100305605;PAR;56979.99;23400.001447/2008-54
SC;ILHOTA;4207106;420401307106;PAR;211896.85;23400.001445/2008-65
SC;JAGUARUNA;4208807;420601808807;PAR;262457.41;23400.001443/2008-76
SC;LEBON REGIS;4209706;420100409706;PAR;252990.66;23400.001441/2008-87
SC;LINDOIA DO SUL;4209854;420100509854;PAR;47336.43;23400.001776/2008-03
SC;MAREMA;4210555;420100310555;PAR;23898.53;23400.001774/2008-14
SC;MONTE CARLO;4211058;420300911058;PAR;237217.01;23400.001772/2008-17
SC;PAPANDUVA;4212205;420200612205;PAR;144373.1;23400.001770/2008-28
SC;PASSO DE TORRES;4212254;420602012254;PAR;;23400.000403/2008-15
SC;SANTA CECILIA;4215505;420300915505;PAR;289509.43;23400.001768/2008-59
SC;SANTA TEREZINHA DO PROGRESSO;4215687;420100215687;PAR;41052.06;23400.001766/2008-60
SC;SAO BERNARDINO;4215752;420100215752;PAR;39425.36;23400.001764/2008-71
SC;SAO CRISTOVAO DO SUL;4216057;420300916057;PAR;17494.4;23400.001762/2008-81
SC;SAO LOURENCO DO OESTE;4216909;420100216909;PAR;;23400.001717/2008-27
SC;TANGARA;4217907;420100417907;PAR;93983.9;23400.001760/2008-92
SC;VARGEM;4219150;420300919150;PAR;41472.66;23400.001641/2008-30
SC;VARGEM BONITA;4219176;420100419176;PAR;15664;23400.001643/2008-29
SE;AMPARO DE SAO FRANCISCO;2800100;280300700100;PAR;25207.35;23400.001667/2008-88
SE;AQUIDABA;2800209;280200300209;PAR;1848;23400.001669/2008-77
SE;BREJO GRANDE;2800704;280300700704;PAR;67576.91;23400.001671/2008-46
SE;CAPELA;2801306;280300801306;PAR;6236.4;23400.001711/2008-50
SE;CANINDE DE SAO FRANCISCO;2801207;280100101207;PAR;320912.97;23400.001673/2008-35
SE;CARIRA;2801405;280100201405;PAR;222723.71;23400.001675/2008-24
SE;CARMOPOLIS;2801504;280301001504;PAR;646.2;23400.001677/2008-13
SE;CRISTINAPOLIS;2801702;280301201702;PAR;177226.07;23400.001679/2008-11
SE;CUMBE;2801900;280200301900;PAR;1254.6;23400.001642/2008-84
SE;FEIRA NOVA;2802205;280100102205;PAR;39690.29;23400.001644/2008-73
SE;FREI PAULO;2802304;280100202304;PAR;580367.16;23400.001645/2008-18
SE;GENERAL MAYNARD;2802502;280301002502;PAR;19008;23400.001647/2008-15
SE;GRACCHO CARDOSO;2802601;280100102601;PAR;41888;23400.001651/2008-75
SE;ILHA DAS FLORES;2802700;280300702700;PAR;81712.1;23400.001649/2008-04
SE;INDIAROBA;2802809;280301302809;PAR;5748;23400.001653/2008-64
SE;ITABAIANA;2802908;280200402908;PAR;5049;23400.001713/2008-49
SE;ITABAIANINHA;2803005;280301203005;PAR;429132.67;23400.001655/2008-53
SE;ITABI;2803104;280100103104;PAR;4132.8;23400.001657/2008-42
SE;JAPARATUBA;2803302;280300903302;PAR;185878.63;23400.001659/2008-31
SE;LARANJEIRAS;2803609;280301003609;PAR;264246.86;23400.001661/2008-19
SE;MALHADA DOS BOIS;2803807;280200303807;PAR;2256;23400.001715/2008-38
SE;MALHADOR;2803906;280200403906;PAR;101534.85;23400.001663/2008-08
SE;MARUIM;2804003;280301004003;PAR;5885.1;23400.001665/2008-99
SE;MONTE ALEGRE DE SERGIPE;2804201;280100104201;PAR;117951.97;23400.001640/2008-95
SE;NEOPOLIS;2804409;280300704409;PAR;169351.36;23400.001648/2008-51
SE;NOSSA SENHORA APARECIDA;2804458;280100204458;PAR;15626.7;23400.001650/2008-21
SE;NOSSA SENHORA DA GLORIA;2804508;280100104508;PAR;214306.4;23400.001652/2008-10
SE;NOSSA SENHORA DE LOURDES;2804706;280300704706;PAR;54497.06;23400.001465/2008-36
SE;PEDRINHAS;2805109;280301205109;PAR;92816.63;23400.001467/2008-25
SE;PINHAO;2805208;280100205208;PAR;5610.9;23400.001469/2008-14
SE;POCO REDONDO;2805406;280100105406;PAR;50328;23400.001471/2008-93
SE;POCO VERDE;2805505;280200505505;PAR;196927.61;23400.001473/2008-82
SE;PORTO DA FOLHA;2805604;280100105604;PAR;29409.6;23400.001475/2008-71
SE;PROPRIA;2805703;280300705703;PAR;112977.08;23400.001477/2008-61
SE;RIACHAO DO DANTAS;2805802;280200605802;PAR;2218.5;23400.001479/2008-50
SE;RIACHUELO;2805901;280301005901;PAR;1063.8;23400.001400/2008-91
SE;RIBEIROPOLIS;2806008;280100206008;PAR;55044;23400.001402/2008-80
SE;SANTA ROSA DE LIMA;2806503;280300806503;PAR;43186.81;23400.001404/2008-79
SE;SANTANA DO SAO FRANCISCO;2806404;280300706404;PAR;4972;23400.001406/2008-68
SE;SANTO AMARO DAS BROTAS;2806602;280301006602;PAR;71991.63;23400.001408/2008-57
SE;SAO CRISTOVAO;2806701;280301106701;PAR;1007.2;23400.001381/2008-01
SE;SAO DOMINGOS;2806800;280200406800;PAR;91570.49;23400.001383/2008-91
SE;SAO FRANCISCO;2806909;280300906909;PAR;1685.6;23400.001385/2008-81
SE;SAO MIGUEL DO ALEIXO;2807006;280200307006;PAR;36373.72;23400.001387/2008-70
SE;SIMAO DIAS;2807105;280200507105;PAR;4860.6;23400.001389/2008-69
SE;SIRIRI;2807204;280300807204;PAR;77878.1;23400.001391/2008-38
SE;TOBIAS BARRETO;2807402;280200507402;PAR;342035.34;23400.001393/2008-27
SE;TOMAR DO GERU;2807501;280301207501;PAR;15680;23400.001395/2008-16
SE;UMBAUBA;2807600;280301207600;PAR;232063.64;23400.001397/2008-13
SP;ARAPEI;3503158;351305203158;PAR;130600.57;23400.001399/2008-02
SP;CANITAR;3510153;351004010153;PAR;271639.49;23400.001280/2008-21
SP;EMILIANOPOLIS;3515129;350803615129;PAR;123054.9;23400.001282/2008-11
SP;HOLAMBRA;3519055;350703219055;PAR;498922.36;23400.001284/2008-18
SP;ITAPIRAPUA PAULISTA;3522653;351104422653;PAR;120882.53;23400.000418/2008-75
SP;JARDINOPOLIS;3525102;350201425102;PAR;1368864.56;23400.001288/2008-98
SP;PAULISTANIA;3536570;350402036570;PAR;53957.97;23400.001290/2008-67
SP;PLATINA;3539707;351003939707;PAR;89174.06;23400.001292/2008-56
SP;QUEIROZ;3541802;350903741802;PAR;48434.21;23400.001294/2008-45
SP;RIBEIRAO CORRENTE;3543105;350201243105;PAR;2400;23400.000405/2008-04
SP;REGINOPOLIS;3542503;350402042503;PAR;120366.14;23400.001296/2008-34
SP;SANTA CRUZ DA ESPERANCA;3546256;350201546256;PAR;17336;23400.001298/2008-23
SP;SAO SIMAO;3550902;350201450902;PAR;265520.5;23400.000437/2008-00
SP;SERRA AZUL;3551405;350201451405;PAR;254110.47;23400.001360/2008-87
SP;TRABIJU;3554755;350502454755;PAR;81545.23;23400.001709/2008-81
SP;VARGEM;3556354;351204856354;PAR;365486.37;23400.001362/2008-76
TO;ARAGOMINAS;1701309;170100201309;PAR;26864.33;23400.001364/2008-65
TO;ARAGUATINS;1702208;170100102208;PAR;113925.33;23400.000435/2008-11
TO;BANDEIRANTES DO TOCANTINS;1703057;170100203057;PAR;12768.46;23400.001368/2008-43
TO;CAMPOS LINDOS;1703842;170200703842;PAR;41328.41;23400.001370/2008-12
TO;CENTENARIO;1704105;170200704105;PAR;14718.88;23400.001372/2008-10
TO;COLMEIA;1716703;170100316703;PAR;6644.4;23400.001374/2008-09
TO;ESPERANTINA;1707405;170100107405;PAR;69885.89;23400.001376/2008-90
TO;GOIATINS;1709005;170200709005;PAR;59590.59;23400.002457/2008-15
TO;IPUEIRAS;1709807;170200609807;PAR;10389.87;23400.002455/2008-18
TO;ITAGUATINS;1710706;170100110706;PAR;675.96;23400.002453/2008-29
TO;LAGOA DO TOCANTINS;1711951;170200711951;PAR;19833.84;23400.002451/2008-30
TO;LIZARDA;1712405;170200712405;PAR;15534.28;23400.002449/2008-61
TO;MAURILANDIA DO TOCANTINS;1712801;170100112801;PAR;12767.34;23400.000431/2008-24
TO;NOVA OLINDA;1714880;170100214880;PAR;37461.01;23400.002445/2008-82
TO;NOVO ACORDO;1715101;170200715101;PAR;15334.59;23400.002443/2008-93
TO;PALMEIRAS DO TOCANTINS;1713809;170100113809;PAR;16566.16;23400.002441/2008-02
TO;PINDORAMA DO TOCANTINS;1717008;170200817008;PAR;14166.53;23400.002478/2008-22
TO;PIRAQUE;1717206;170100217206;PAR;2156;23400.002476/2008-33
TO;PONTE ALTA DO TOCANTINS;1717909;170200717909;PAR;22979.6;23400.002474/2008-44
TO;PRAIA NORTE;1718303;170100118303;PAR;45856.69;23400.002472/2008-55
TO;SAMPAIO;1718808;170100118808;PAR;435;23400.001664/2008-44
TO;SANTA MARIA DO TOCANTINS;1718881;170200618881;PAR;14402.18;23400.002470/2008-66
TO;SITIO NOVO DO TOCANTINS;1720804;170100120804;PAR;35060.57;23400.0024682008-97
